#
# A fatal error has been detected by the Java Runtime Environment:
#
#  EXCEPTION_ACCESS_VIOLATION (0xc0000005) at pc=0x00000257eddd0e4f, pid=36504, tid=36040
#
# JRE version: OpenJDK Runtime Environment (25.0.2+10) (build 25.0.2+10-69)
# Java VM: OpenJDK 64-Bit Server VM (25.0.2+10-69, mixed mode, emulated-client, sharing, tiered, compressed oops, compressed class ptrs, g1 gc, windows-amd64)
# Problematic frame:
# v  ~MethodHandlesAdapterBlob 0x00000257eddd0e4f
#
# No core dump will be written. Minidumps are not enabled by default on client versions of Windows
#
# If you would like to submit a bug report, please visit:
#   https://bugreport.java.com/bugreport/crash.jsp
#

---------------  S U M M A R Y ------------

Command Line: -XX:+ShowCodeDetailsInExceptionMessages -agentlib:jdwp=transport=dt_socket,suspend=y,address=localhost:51075 -Dcom.sun.management.jmxremote -Dcom.sun.management.jmxremote.port=50590 -Dcom.sun.management.jmxremote.authenticate=false -Dcom.sun.management.jmxremote.ssl=false -Djava.rmi.server.hostname=localhost -Dspring.jmx.enabled=true -Dmanagement.endpoints.jmx.exposure.include=* -Dspring.application.admin.enabled=true -Dspring.output.ansi.enabled=always -XX:TieredStopAtLevel=1 -Dspring.boot.project.name=AtmLoggerSpringBootSSO -javaagent:C:\Users\Ikenna Shonowo\Documents\sts-4.31.0.RELEASE\configuration\org.eclipse.osgi\784\0\.cp\lib\javaagent-shaded.jar -Dfile.encoding=UTF-8 -Dstdout.encoding=UTF-8 -Dstderr.encoding=UTF-8 com.infinity.app.AtmIssueLoggerApplication

Host: 12th Gen Intel(R) Core(TM) i5-1235U, 12 cores, 7G,  Windows 11 , 64 bit Build 26100 (10.0.26100.9168)
Time: Sun Sep  6 21:42:27 2026 W. Central Africa Standard Time elapsed time: 2766.140318 seconds (0d 0h 46m 6s)

---------------  T H R E A D  ---------------

Current thread (0x00000257fd2dad20):  JavaThread "https-jsse-nio-9442-exec-1" daemon [_thread_in_Java, id=36040, stack(0x0000007f87300000,0x0000007f87400000) (1024K)]

Stack: [0x0000007f87300000,0x0000007f87400000],  sp=0x0000007f873f9f28,  free space=999k
Native frames: (J=compiled Java code, j=interpreted, Vv=VM code, C=native code)
C  0x00000257eddd0e4f  (no source info available)

The last pc belongs to _linkToVirtual (printed below).

siginfo: EXCEPTION_ACCESS_VIOLATION (0xc0000005), reading address 0xffffffffffffffff


Registers:
RAX=0x00000257edda9873, RBX=0x000000008658f288, RCX=0xfffffffffffffff7, RDX=0x0000000000000002
RSP=0x0000007f873f9f28, RBP=0x0000007f873f9f78, RSI=0x00000257fcfb7ac8, RDI=0x00000257feafe990
R8 =0x0000000000000003, R9 =0x00000257fe8fdf20, R10=0x00007ffe87639890, R11=0x0000000000000004
R12=0x0000000000000000, R13=0x0000007f873f9f28, R14=0x0000007f873f9f98, R15=0x00000257fd2dad20
RIP=0x00000257eddd0e4f, EFLAGS=0x0000000000010202

XMM[0]=0x0000000000000000 0x0000000000000000
XMM[1]=0x0000000000000000 0x0000000000000000
XMM[2]=0x0000000000000000 0x0000000000000000
XMM[3]=0x0000000000000000 0x0000000000000000
XMM[4]=0x0000000000000000 0x0000000000000000
XMM[5]=0x0000000000000000 0x0000000000000000
XMM[6]=0x0000000000000000 0x0000000000000000
XMM[7]=0x0000000000000000 0x401ca00040e50000
XMM[8]=0x0000000000000000 0x000000004156d800
XMM[9]=0x0000000000000000 0x0000000000000000
XMM[10]=0x0000000000000000 0x0000000041040000
XMM[11]=0x0000000000000000 0x0000000040300000
XMM[12]=0x0000000000000000 0x00000000401b6000
XMM[13]=0x0000000000000000 0x0000000000000000
XMM[14]=0x0000000000000000 0x00000000c0300000
XMM[15]=0x0000000000000000 0x000000003f384000
  MXCSR=0x00001fa2


Register to memory mapping:

RAX=0x00000257edda9873 is at code_begin+4499 in an Interpreter codelet
return entry points  [0x00000257edda86e0, 0x00000257eddaa5e8]  7944 bytes
RBX=0x000000008658f288 is an oop: com.infinity.app.controller.LoggedCallController 
{0x000000008658f288} - klass: 'com/infinity/app/controller/LoggedCallController' - flags: 

 - ---- fields (total size 2 words):
 - private final 'loggedService' 'Lcom/infinity/app/service/LoggedCallService;' @12  a 'com/infinity/app/service/LoggedCallService'{0x00000000865c4ea8} (0x865c4ea8)
RCX=0xfffffffffffffff7 is an unknown value
RDX=0x0000000000000002 is an unknown value
RSP=0x0000007f873f9f28 is pointing into the stack for thread: 0x00000257fd2dad20
RBP=0x0000007f873f9f78 is pointing into the stack for thread: 0x00000257fd2dad20
RSI=0x00000257fcfb7ac8 points into unknown readable memory: 0x80002a0028f3426c | 6c 42 f3 28 00 2a 00 80
RDI=0x00000257feafe990 points into unknown readable memory: 0x0000001800000060 | 60 00 00 00 18 00 00 00
R8 =0x0000000000000003 is an unknown value
R9 =0x00000257fe8fdf20 points into unknown readable memory: 0x0000004000000003 | 03 00 00 00 40 00 00 00
R10=0x00007ffe87639890 jvm.dll
R11=0x0000000000000004 is an unknown value
R12=0x0 is null
R13=0x0000007f873f9f28 is pointing into the stack for thread: 0x00000257fd2dad20
R14=0x0000007f873f9f98 is pointing into the stack for thread: 0x00000257fd2dad20
R15=0x00000257fd2dad20 is a thread

Top of Stack: (sp=0x0000007f873f9f28)
0x0000007f873f9f28:   00000257edda9873 fffffffffffffff7   s...W...........
0x0000007f873f9f38:   000000000e840efa 0000000000000004   ................
0x0000007f873f9f48:   000000000e2138c0 0000007f873f9f90   .8!.......?.....
0x0000007f873f9f58:   00000000873ec8c8 000000000e213958   ..>.....X9!.....
0x0000007f873f9f68:   fffffffffffffff6 0000007f873f9fa0   ..........?.....
0x0000007f873f9f78:   0000007f873fa298 00000257ee13fa38   ..?.....8...W...
0x0000007f873f9f88:   0000000087a45418 000000008658f288   .T........X.....
0x0000007f873f9f98:   0000000087a453f0 0000000089dee660   .S......`.......
0x0000007f873f9fa8:   0000000086df51d0 0000000087751900   .Q........u.....
0x0000007f873f9fb8:   0000000087a45448 000000008658f288   HT........X.....
0x0000007f873f9fc8:   0000000087a45470 0000000087a453f0   pT.......S......
0x0000007f873f9fd8:   000000008658f288 00000257ee13f974   ..X.....t...W...
0x0000007f873f9fe8:   00000257ee70737c 0000007f873fa298   |sp.W.....?.....
0x0000007f873f9ff8:   00000257ee5b104a 0000000086df51d0   J.[.W....Q......
0x0000007f873fa008:   0000000088018478 0000000086b120e8   x........ ......
0x0000007f873fa018:   00000257fd2dad20 0000007f873fa298    .-.W.....?.....
0x0000007f873fa028:   00000257ee11414c 00007ffe873cf338   LA..W...8.<.....
0x0000007f873fa038:   0000000000000000 0000007f00000000   ................
0x0000007f873fa048:   0000000086b12520 0000000086df51d0    %.......Q......
0x0000007f873fa058:   0000000089dee660 0000000089dee638   `.......8.......
0x0000007f873fa068:   0000000000000000 0000000000000000   ................
0x0000007f873fa078:   0000000000000000 0000000000000000   ................
0x0000007f873fa088:   0000000000000000 0000000000000000   ................
0x0000007f873fa098:   0000000086b120e8 0000000000000000   . ..............
0x0000007f873fa0a8:   0000000089dee660 0000000087a45518   `........U......
0x0000007f873fa0b8:   00000000863f3ef0 000000008658f288   .>?.......X.....
0x0000007f873fa0c8:   0000002800000001 0000000000000000   ....(...........
0x0000007f873fa0d8:   0000025780aa9d88 0000007f00000037   ....W...7.......
0x0000007f873fa0e8:   0000000000000000 00000257fd2dad00   ..........-.W...
0x0000007f873fa0f8:   0000000000000000 0000007f873fa298   ..........?.....
0x0000007f873fa108:   00000257ee11377c 0000000087a45448   |7..W...HT......
0x0000007f873fa118:   00000257ee0ca27f 0000000000000000   ....W...........

Instructions: (pc=0x00000257eddd0e4f)
  0x00000257eddd0d4f:   58 48 83 ec 30 50 48 89 54 24 28 44 89 44 24 20
  0x00000257eddd0d5f:   44 89 4c 24 18 48 89 7c 24 10 89 74 24 08 48 8b
  0x00000257eddd0d6f:   4b 38 ff e1 f4 f4 f4 f4 f4 00 00 00 00 00 00 00
  0x00000257eddd0d7f:   00 22 00 00 00 01 00 00 00 00 00 00 00 00 00 00
  0x00000257eddd0d8f:   00 b0 20 37 87 fe 7f 00 00 60 1e dd ed 57 02 00
  0x00000257eddd0d9f:   00 d8 10 00 00 00 00 00 00 58 00 00 00 58 00 00
  0x00000257eddd0daf:   00 d8 10 00 00 00 00 00 00 00 00 00 00 40 00 ff
  0x00000257eddd0dbf:   ff 05 00 00 00 00 00 00 00 00 00 00 00 00 00 00
  0x00000257eddd0dcf:   00 00 00 00 00 00 00 00 00 00 00 00 00 00 00 00
  0x00000257eddd0ddf:   00 f4 66 66 66 0f 1f 84 00 00 00 00 00 66 66 66
  0x00000257eddd0def:   90 66 66 66 0f 1f 84 00 00 00 00 00 66 66 66 90
  0x00000257eddd0dff:   90 48 8b 53 08 0f b7 52 2e 48 8b 0c d4 8b 59 14
  0x00000257eddd0e0f:   8b 5b 28 8b 5b 24 48 8b 5b 10 48 85 db 0f 84 10
  0x00000257eddd0e1f:   00 00 00 41 80 bf 80 06 00 00 00 74 03 ff 63 38
  0x00000257eddd0e2f:   ff 63 50 e9 a9 e8 01 00 66 0f 1f 84 00 00 00 00
  0x00000257eddd0e3f:   00 48 8b 53 08 0f b7 52 2e 48 8b 0c d4 58 5b 50
=>0x00000257eddd0e4f:   44 8b 51 08 41 bb 00 00 00 0e 4d 03 d3 4c 8b 5b
  0x00000257eddd0e5f:   10 4b 8b 9c da d8 01 00 00 48 85 db 0f 84 10 00
  0x00000257eddd0e6f:   00 00 41 80 bf 80 06 00 00 00 74 03 ff 63 38 ff
  0x00000257eddd0e7f:   63 50 e9 5a e8 01 00 66 66 66 0f 1f 84 00 00 00
  0x00000257eddd0e8f:   00 00 66 66 66 90 66 66 66 0f 1f 84 00 00 00 00
  0x00000257eddd0e9f:   00 58 5b 50 8b 5b 24 48 8b 5b 10 48 85 db 0f 84
  0x00000257eddd0eaf:   10 00 00 00 41 80 bf 80 06 00 00 00 74 03 ff 63
  0x00000257eddd0ebf:   38 ff 63 50 e9 18 e8 01 00 66 66 66 0f 1f 84 00
  0x00000257eddd0ecf:   00 00 00 00 66 66 66 90 66 0f 1f 84 00 00 00 00
  0x00000257eddd0edf:   00 48 8b 53 08 0f b7 52 2e 48 8b 0c d4 58 5b 50
  0x00000257eddd0eef:   48 3b 01 8b 5b 24 48 8b 5b 10 48 85 db 0f 84 10
  0x00000257eddd0eff:   00 00 00 41 80 bf 80 06 00 00 00 74 03 ff 63 38
  0x00000257eddd0f0f:   ff 63 50 e9 c9 e7 01 00 66 0f 1f 84 00 00 00 00
  0x00000257eddd0f1f:   00 48 8b 53 08 0f b7 52 2e 48 8b 0c d4 58 5b 50
  0x00000257eddd0f2f:   44 8b 51 08 41 bb 00 00 00 0e 4d 03 d3 8b 43 18
  0x00000257eddd0f3f:   48 8b 40 10 48 8b 5b 10 45 8b 9a b8 00 00 00 4f


Stack slot to memory mapping:

stack at sp + 0 slots: 0x00000257edda9873 is at code_begin+4499 in an Interpreter codelet
return entry points  [0x00000257edda86e0, 0x00000257eddaa5e8]  7944 bytes
stack at sp + 1 slots: 0xfffffffffffffff7 is an unknown value
stack at sp + 2 slots: 0x000000000e840efa is pointing into metadata
stack at sp + 3 slots: 0x0000000000000004 is an unknown value
stack at sp + 4 slots: 0x000000000e2138c0 is pointing into metadata
stack at sp + 5 slots: 0x0000007f873f9f90 is pointing into the stack for thread: 0x00000257fd2dad20
stack at sp + 6 slots: 0x00000000873ec8c8 is an oop: java.lang.Class 
{0x00000000873ec8c8} - klass: 'java/lang/Class' - flags: 

 - ---- fields (total size 15 words):
 - private volatile transient 'classRedefinedCount' 'I' @12  0 (0x00000000)
 - injected 'klass' 'J' @16  237057712 (0x000000000e2136b0)
 - injected 'array_klass' 'J' @24  0 (0x0000000000000000)
 - injected 'oop_size' 'I' @32  15 (0x0000000f)
 - injected 'static_oop_field_count' 'I' @36  0 (0x00000000)
 - private final transient 'modifiers' 'C' @40    16 (0x0010)
 - private final transient 'primitive' 'Z' @42  false (0x00)
 - private volatile transient 'cachedConstructor' 'Ljava/lang/reflect/Constructor;' @44  null (0x00000000)
 - private transient 'name' 'Ljava/lang/String;' @48  null (0x00000000)
 - private transient 'module' 'Ljava/lang/Module;' @52  a 'java/lang/Module'{0x0000000085670890} (0x85670890)
 - private final 'classLoader' 'Ljava/lang/ClassLoader;' @56  null (0x00000000)
 - private transient 'classData' 'Ljava/lang/Object;' @60  null (0x00000000)
 - private transient 'signers' '[Ljava/lang/Object;' @64  null (0x00000000)
 - private transient 'packageName' 'Ljava/lang/String;' @68  null (0x00000000)
 - private final transient 'componentType' 'Ljava/lang/Class;' @72  null (0x00000000)
 - private final transient 'protectionDomain' 'Ljava/security/ProtectionDomain;' @76  null (0x00000000)
 - private volatile transient 'reflectionData' 'Ljava/lang/ref/SoftReference;' @80  null (0x00000000)
 - private volatile transient 'genericInfo' 'Lsun/reflect/generics/repository/ClassRepository;' @84  null (0x00000000)
 - private volatile transient 'enumConstants' '[Ljava/lang/Object;' @88  null (0x00000000)
 - private volatile transient 'enumConstantDirectory' 'Ljava/util/Map;' @92  null (0x00000000)
 - private volatile transient 'annotationData' 'Ljava/lang/Class$AnnotationData;' @96  null (0x00000000)
 - private volatile transient 'annotationType' 'Lsun/reflect/annotation/AnnotationType;' @100  null (0x00000000)
 - transient 'classValueMap' 'Ljava/lang/ClassValue$ClassValueMap;' @104  null (0x00000000)
 - injected 'source_file' 'Ljava/lang/Object;' @108  null (0x00000000)
 - injected '<init_lock>' 'Ljava/lang/Object;' @112  null (0x00000000)
 - signature: Ljava/lang/invoke/DirectMethodHandle$Holder;
 - ---- static fields (0):
stack at sp + 7 slots: {method} {0x000000000e213960} 'invokeVirtual' '(Ljava/lang/Object;Ljava/lang/Object;)Ljava/lang/Object;' in 'java/lang/invoke/DirectMethodHandle$Holder'

Lock stack of current Java thread (top to bottom):

MethodHandle::interpreter_entry::_linkToVirtual [0x00000257eddd0e37, 0x00000257eddd0e86] (79 bytes)
[MachCode]
  0x00000257eddd0e37: 660f 1f84 | 0000 0000 | 0048 8b53 | 080f b752 | 2e48 8b0c | d458 5b50 | 448b 5108 | 41bb 0000 
  0x00000257eddd0e57: 000e 4d03 | d34c 8b5b | 104b 8b9c | dad8 0100 | 0048 85db | 0f84 1000 | 0000 4180 | bf80 0600 
  0x00000257eddd0e77: 0000 7403 | ff63 38ff | 6350 e95a | 
[/MachCode]

---------------  P R O C E S S  ---------------

Threads class SMR info:
_java_thread_list=0x00000257fcf93980, length=39, elements={
0x00000257f689f7f0, 0x00000257f68a0260, 0x00000257f68aef10, 0x00000257f68b1d80,
0x00000257f68b5fd0, 0x00000257f68ba180, 0x00000257f68c6130, 0x00000257fb106660,
0x00000257fb12e730, 0x00000257fb12ef00, 0x00000257fb17f360, 0x00000257fb9cbef0,
0x00000257fbd63ad0, 0x00000257fbd70610, 0x00000257fbdf9980, 0x00000257fbd8d420,
0x00000257fbdc0910, 0x00000257fbe8ecd0, 0x00000257fd2dad20, 0x00000257fe93d8c0,
0x00000257fe943680, 0x00000257fe93d0f0, 0x00000257fe941f10, 0x00000257fe943e50,
0x00000257ff41b500, 0x00000257ff41d440, 0x00000257ff41f380, 0x00000257ff41c4a0,
0x00000257ff420320, 0x00000257ff420af0, 0x00000257fc21c530, 0x00000257fc21a5f0,
0x00000257fc21e470, 0x00000257fc21fbe0, 0x00000257fc21f410, 0x00000257fc2203b0,
0x00000257fd2d7670, 0x00000257fd2d8de0, 0x00000257fd2dbcc0
}

Java Threads: ( => current thread )
  0x00000257f689f7f0 JavaThread "Reference Handler"          daemon [_thread_blocked, id=3160, stack(0x0000007f84900000,0x0000007f84a00000) (1024K)]
  0x00000257f68a0260 JavaThread "Finalizer"                  daemon [_thread_blocked, id=26084, stack(0x0000007f84a00000,0x0000007f84b00000) (1024K)]
  0x00000257f68aef10 JavaThread "Signal Dispatcher"          daemon [_thread_blocked, id=36340, stack(0x0000007f84b00000,0x0000007f84c00000) (1024K)]
  0x00000257f68b1d80 JavaThread "Attach Listener"            daemon [_thread_blocked, id=29932, stack(0x0000007f84c00000,0x0000007f84d00000) (1024K)]
  0x00000257f68b5fd0 JavaThread "Service Thread"             daemon [_thread_blocked, id=31136, stack(0x0000007f84d00000,0x0000007f84e00000) (1024K)]
  0x00000257f68ba180 JavaThread "Monitor Deflation Thread"   daemon [_thread_blocked, id=10628, stack(0x0000007f84e00000,0x0000007f84f00000) (1024K)]
  0x00000257f68c6130 JavaThread "C1 CompilerThread0"         daemon [_thread_blocked, id=33868, stack(0x0000007f84f00000,0x0000007f85000000) (1024K)]
  0x00000257fb106660 JavaThread "JDWP Transport Listener: dt_socket" daemon [_thread_blocked, id=36448, stack(0x0000007f85200000,0x0000007f85300000) (1024K)]
  0x00000257fb12e730 JavaThread "JDWP Event Helper Thread"   daemon [_thread_blocked, id=24332, stack(0x0000007f85300000,0x0000007f85400000) (1024K)]
  0x00000257fb12ef00 JavaThread "JDWP Command Reader"        daemon [_thread_in_native, id=30176, stack(0x0000007f85400000,0x0000007f85500000) (1024K)]
  0x00000257fb17f360 JavaThread "Common-Cleaner"             daemon [_thread_blocked, id=27268, stack(0x0000007f85500000,0x0000007f85600000) (1024K)]
  0x00000257fb9cbef0 JavaThread "Notification Thread"        daemon [_thread_blocked, id=21092, stack(0x0000007f85600000,0x0000007f85700000) (1024K)]
  0x00000257fbd63ad0 JavaThread "RMI TCP Accept-0"           daemon [_thread_in_native, id=7064, stack(0x0000007f85700000,0x0000007f85800000) (1024K)]
  0x00000257fbd70610 JavaThread "RMI TCP Accept-50590"       daemon [_thread_in_native, id=36648, stack(0x0000007f85800000,0x0000007f85900000) (1024K)]
  0x00000257fbdf9980 JavaThread "RMI Scheduler(0)"           daemon [_thread_blocked, id=37104, stack(0x0000007f85a00000,0x0000007f85b00000) (1024K)]
  0x00000257fbd8d420 JavaThread "RMI TCP Accept-0"           daemon [_thread_in_native, id=35304, stack(0x0000007f85b00000,0x0000007f85c00000) (1024K)]
  0x00000257fbdc0910 JavaThread "RMI TCP Connection(idle)"   daemon [_thread_blocked, id=36460, stack(0x0000007f85c00000,0x0000007f85d00000) (1024K)]
  0x00000257fbe8ecd0 JavaThread "JMX server connection timeout 36" daemon [_thread_blocked, id=25136, stack(0x0000007f85d00000,0x0000007f85e00000) (1024K)]
=>0x00000257fd2dad20 JavaThread "https-jsse-nio-9442-exec-1" daemon [_thread_in_Java, id=36040, stack(0x0000007f87300000,0x0000007f87400000) (1024K)]
  0x00000257fe93d8c0 JavaThread "DestroyJavaVM"                     [_thread_blocked, id=29344, stack(0x0000007f84100000,0x0000007f84200000) (1024K)]
  0x00000257fe943680 JavaThread "Java2D Disposer"            daemon [_thread_blocked, id=10260, stack(0x0000007f84000000,0x0000007f84100000) (1024K)]
  0x00000257fe93d0f0 JavaThread "Catalina-utility-1"                [_thread_blocked, id=27372, stack(0x0000007f85900000,0x0000007f85a00000) (1024K)]
  0x00000257fe941f10 JavaThread "Catalina-utility-2"                [_thread_blocked, id=18968, stack(0x0000007f86600000,0x0000007f86700000) (1024K)]
  0x00000257fe943e50 JavaThread "container-0"                       [_thread_blocked, id=37800, stack(0x0000007f86700000,0x0000007f86800000) (1024K)]
  0x00000257ff41b500 JavaThread "mssql-jdbc-shared-timer-core-2" daemon [_thread_blocked, id=24048, stack(0x0000007f86900000,0x0000007f86a00000) (1024K)]
  0x00000257ff41d440 JavaThread "HikariPool-3:housekeeper"   daemon [_thread_blocked, id=26268, stack(0x0000007f86c00000,0x0000007f86d00000) (1024K)]
  0x00000257ff41f380 JavaThread "File Watcher"               daemon [_thread_blocked, id=29832, stack(0x0000007f87000000,0x0000007f87100000) (1024K)]
  0x00000257ff41c4a0 JavaThread "https-jsse-nio-9442-exec-1" daemon [_thread_blocked, id=30544, stack(0x0000007f87100000,0x0000007f87200000) (1024K)]
  0x00000257ff420320 JavaThread "https-jsse-nio-9442-exec-2" daemon [_thread_blocked, id=34636, stack(0x0000007f87200000,0x0000007f87300000) (1024K)]
  0x00000257ff420af0 JavaThread "https-jsse-nio-9442-exec-3" daemon [_thread_blocked, id=25364, stack(0x0000007f87400000,0x0000007f87500000) (1024K)]
  0x00000257fc21c530 JavaThread "https-jsse-nio-9442-exec-4" daemon [_thread_blocked, id=11592, stack(0x0000007f87500000,0x0000007f87600000) (1024K)]
  0x00000257fc21a5f0 JavaThread "https-jsse-nio-9442-exec-5" daemon [_thread_blocked, id=31300, stack(0x0000007f87600000,0x0000007f87700000) (1024K)]
  0x00000257fc21e470 JavaThread "https-jsse-nio-9442-exec-6" daemon [_thread_blocked, id=34144, stack(0x0000007f87700000,0x0000007f87800000) (1024K)]
  0x00000257fc21fbe0 JavaThread "https-jsse-nio-9442-exec-7" daemon [_thread_blocked, id=18028, stack(0x0000007f87800000,0x0000007f87900000) (1024K)]
  0x00000257fc21f410 JavaThread "https-jsse-nio-9442-exec-8" daemon [_thread_blocked, id=2316, stack(0x0000007f87900000,0x0000007f87a00000) (1024K)]
  0x00000257fc2203b0 JavaThread "https-jsse-nio-9442-exec-9" daemon [_thread_blocked, id=30116, stack(0x0000007f87a00000,0x0000007f87b00000) (1024K)]
  0x00000257fd2d7670 JavaThread "https-jsse-nio-9442-exec-10" daemon [_thread_blocked, id=9236, stack(0x0000007f87b00000,0x0000007f87c00000) (1024K)]
  0x00000257fd2d8de0 JavaThread "https-jsse-nio-9442-Poller" daemon [_thread_in_native, id=24448, stack(0x0000007f87c00000,0x0000007f87d00000) (1024K)]
  0x00000257fd2dbcc0 JavaThread "https-jsse-nio-9442-Acceptor" daemon [_thread_in_native, id=34340, stack(0x0000007f87d00000,0x0000007f87e00000) (1024K)]
Total: 39

Other Threads:
  0x00000257f688d8f0 VMThread "VM Thread"                           [id=33192, stack(0x0000007f84800000,0x0000007f84900000) (1024K)]
  0x00000257f687d8f0 WatcherThread "VM Periodic Task Thread"        [id=31200, stack(0x0000007f84700000,0x0000007f84800000) (1024K)]
  0x00000257e3d613c0 WorkerThread "GC Thread#0"                     [id=35892, stack(0x0000007f84200000,0x0000007f84300000) (1024K)]
  0x00000257fbf33710 WorkerThread "GC Thread#1"                     [id=28836, stack(0x0000007f85e00000,0x0000007f85f00000) (1024K)]
  0x00000257fbf33b40 WorkerThread "GC Thread#2"                     [id=18776, stack(0x0000007f85f00000,0x0000007f86000000) (1024K)]
  0x00000257fbf51da0 WorkerThread "GC Thread#3"                     [id=35212, stack(0x0000007f86000000,0x0000007f86100000) (1024K)]
  0x00000257fbf529e0 WorkerThread "GC Thread#4"                     [id=17748, stack(0x0000007f86100000,0x0000007f86200000) (1024K)]
  0x00000257fbf52e10 WorkerThread "GC Thread#5"                     [id=28768, stack(0x0000007f86200000,0x0000007f86300000) (1024K)]
  0x00000257fbf54280 WorkerThread "GC Thread#6"                     [id=36260, stack(0x0000007f86300000,0x0000007f86400000) (1024K)]
  0x00000257fbf55c90 WorkerThread "GC Thread#7"                     [id=29112, stack(0x0000007f86400000,0x0000007f86500000) (1024K)]
  0x00000257fbf54b50 WorkerThread "GC Thread#8"                     [id=364, stack(0x0000007f86500000,0x0000007f86600000) (1024K)]
  0x00000257fbf56980 WorkerThread "GC Thread#9"                     [id=17224, stack(0x0000007f86800000,0x0000007f86900000) (1024K)]
  0x00000257e3d7a9c0 ConcurrentGCThread "G1 Main Marker"            [id=11812, stack(0x0000007f84300000,0x0000007f84400000) (1024K)]
  0x00000257e3d7b360 WorkerThread "G1 Conc#0"                       [id=24600, stack(0x0000007f84400000,0x0000007f84500000) (1024K)]
  0x00000257fbf55840 WorkerThread "G1 Conc#1"                       [id=21300, stack(0x0000007f86a00000,0x0000007f86b00000) (1024K)]
  0x00000257fbf54700 WorkerThread "G1 Conc#2"                       [id=28684, stack(0x0000007f86b00000,0x0000007f86c00000) (1024K)]
  0x00000257f6748980 ConcurrentGCThread "G1 Refine#0"               [id=27460, stack(0x0000007f84500000,0x0000007f84600000) (1024K)]
  0x00000257f6749240 ConcurrentGCThread "G1 Service"                [id=34972, stack(0x0000007f84600000,0x0000007f84700000) (1024K)]
Total: 18

Threads with active compile tasks:
Total: 0

VM state: not at safepoint (normal execution)

VM Mutex/Monitor currently owned by a thread: None

Heap address: 0x0000000085200000, size: 1966 MB, Compressed Oops mode: 32-bit

CDS archive(s) mapped at: [0x000000000e000000-0x000000000edd0000-0x000000000edd0000), size 14483456, SharedBaseAddress: 0x000000000e000000, ArchiveRelocationMode: 1.
Compressed class space mapped at: 0x000000000f000000-0x000000004f000000, reserved size: 1073741824
UseCompressedClassPointers 1, UseCompactObjectHeaders 0
Narrow klass pointer bits 32, Max shift 3
Narrow klass base: 0x000000000e000000, Narrow klass shift: 0
Encoding Range: [0x000000000e000000 - 0x000000010e000000), (4294967296 bytes)
Klass Range:    [0x000000000e010000 - 0x000000004f000000), (1090453504 bytes)
Klass ID Range:  [65536 - 1090519033) (1090453497)
Protection zone: [0x000000000e000000 - 0x000000000e010000), (65536 bytes)

GC Precious Log:
 CardTable entry size: 512
 Card Set container configuration: InlinePtr #cards 5 size 8 Array Of Cards #cards 10 size 36 Howl #buckets 4 coarsen threshold 1843 Howl Bitmap #cards 512 size 80 coarsen threshold 460 Card regions per heap region 1 cards per card region 2048
 CPUs: 12 total, 12 available
 Memory: 7863M
 Large Page Support: Disabled
 NUMA Support: Disabled
 Compressed Oops: Enabled (32-bit)
 Heap Region Size: 1M
 Heap Min Capacity: 8M
 Heap Initial Capacity: 124M
 Heap Max Capacity: 1966M
 Pre-touch: Disabled
 Parallel Workers: 10
 Concurrent Workers: 3
 Concurrent Refinement Workers: 10
 Periodic GC: Disabled

Heap:
 garbage-first heap   total reserved 2013184K, committed 123904K, used 102241K [0x0000000085200000, 0x0000000100000000)
  region size 1024K, 47 young (48128K), 5 survivors (5120K)

Heap Regions: E=young(eden), S=young(survivor), O=old, HS=humongous(starts), HC=humongous(continues), CS=collection set, F=free, TAMS=top-at-mark-start, PB=parsable bottom
|   0|0x0000000085200000, 0x0000000085300000, 0x0000000085300000|100%|HS|  |TAMS 0x0000000085200000| PB 0x0000000085200000| Complete |  0
|   1|0x0000000085300000, 0x00000000853fffd0, 0x0000000085400000| 99%| O|  |TAMS 0x0000000085300000| PB 0x0000000085300000| Untracked |  0
|   2|0x0000000085400000, 0x00000000854fa018, 0x0000000085500000| 97%| O|  |TAMS 0x0000000085400000| PB 0x0000000085400000| Untracked |  0
|   3|0x0000000085500000, 0x00000000855ffbf8, 0x0000000085600000| 99%| O|  |TAMS 0x0000000085500000| PB 0x0000000085500000| Untracked |  0
|   4|0x0000000085600000, 0x0000000085700000, 0x0000000085700000|100%| O|  |TAMS 0x0000000085600000| PB 0x0000000085600000| Untracked |  0
|   5|0x0000000085700000, 0x00000000857fffe0, 0x0000000085800000| 99%| O|  |TAMS 0x0000000085700000| PB 0x0000000085700000| Untracked |  0
|   6|0x0000000085800000, 0x00000000858ffff8, 0x0000000085900000| 99%| O|  |TAMS 0x0000000085800000| PB 0x0000000085800000| Untracked |  0
|   7|0x0000000085900000, 0x00000000859ffff8, 0x0000000085a00000| 99%| O|  |TAMS 0x0000000085900000| PB 0x0000000085900000| Untracked |  0
|   8|0x0000000085a00000, 0x0000000085b00000, 0x0000000085b00000|100%| O|  |TAMS 0x0000000085a00000| PB 0x0000000085a00000| Untracked |  0
|   9|0x0000000085b00000, 0x0000000085bffff8, 0x0000000085c00000| 99%| O|  |TAMS 0x0000000085b00000| PB 0x0000000085b00000| Untracked |  0
|  10|0x0000000085c00000, 0x0000000085d00000, 0x0000000085d00000|100%| O|  |TAMS 0x0000000085c00000| PB 0x0000000085c00000| Untracked |  0
|  11|0x0000000085d00000, 0x0000000085dffb30, 0x0000000085e00000| 99%| O|  |TAMS 0x0000000085d00000| PB 0x0000000085d00000| Untracked |  0
|  12|0x0000000085e00000, 0x0000000085eff330, 0x0000000085f00000| 99%| O|  |TAMS 0x0000000085e00000| PB 0x0000000085e00000| Untracked |  0
|  13|0x0000000085f00000, 0x0000000085ffffa0, 0x0000000086000000| 99%| O|  |TAMS 0x0000000085f00000| PB 0x0000000085f00000| Untracked |  0
|  14|0x0000000086000000, 0x00000000860ffff8, 0x0000000086100000| 99%| O|  |TAMS 0x0000000086000000| PB 0x0000000086000000| Untracked |  0
|  15|0x0000000086100000, 0x00000000861ffff8, 0x0000000086200000| 99%| O|  |TAMS 0x0000000086100000| PB 0x0000000086100000| Untracked |  0
|  16|0x0000000086200000, 0x00000000862ffff8, 0x0000000086300000| 99%| O|  |TAMS 0x0000000086200000| PB 0x0000000086200000| Untracked |  0
|  17|0x0000000086300000, 0x00000000863fffe8, 0x0000000086400000| 99%| O|  |TAMS 0x0000000086300000| PB 0x0000000086300000| Untracked |  0
|  18|0x0000000086400000, 0x00000000864fffe8, 0x0000000086500000| 99%| O|  |TAMS 0x0000000086400000| PB 0x0000000086400000| Untracked |  0
|  19|0x0000000086500000, 0x00000000865fffe8, 0x0000000086600000| 99%| O|  |TAMS 0x0000000086500000| PB 0x0000000086500000| Untracked |  0
|  20|0x0000000086600000, 0x00000000866fffc0, 0x0000000086700000| 99%| O|  |TAMS 0x0000000086600000| PB 0x0000000086600000| Untracked |  0
|  21|0x0000000086700000, 0x00000000867ffff0, 0x0000000086800000| 99%| O|  |TAMS 0x0000000086700000| PB 0x0000000086700000| Untracked |  0
|  22|0x0000000086800000, 0x00000000868fffe8, 0x0000000086900000| 99%| O|  |TAMS 0x0000000086800000| PB 0x0000000086800000| Untracked |  0
|  23|0x0000000086900000, 0x00000000869ffff8, 0x0000000086a00000| 99%| O|  |TAMS 0x0000000086900000| PB 0x0000000086900000| Untracked |  0
|  24|0x0000000086a00000, 0x0000000086b00000, 0x0000000086b00000|100%| O|  |TAMS 0x0000000086a00000| PB 0x0000000086a00000| Untracked |  0
|  25|0x0000000086b00000, 0x0000000086bffff0, 0x0000000086c00000| 99%| O|  |TAMS 0x0000000086b00000| PB 0x0000000086b00000| Untracked |  0
|  26|0x0000000086c00000, 0x0000000086cfffe0, 0x0000000086d00000| 99%| O|  |TAMS 0x0000000086c00000| PB 0x0000000086c00000| Untracked |  0
|  27|0x0000000086d00000, 0x0000000086dfffe0, 0x0000000086e00000| 99%| O|  |TAMS 0x0000000086d00000| PB 0x0000000086d00000| Untracked |  0
|  28|0x0000000086e00000, 0x0000000086effff8, 0x0000000086f00000| 99%| O|  |TAMS 0x0000000086e00000| PB 0x0000000086e00000| Untracked |  0
|  29|0x0000000086f00000, 0x0000000086ffffc0, 0x0000000087000000| 99%| O|  |TAMS 0x0000000086f00000| PB 0x0000000086f00000| Untracked |  0
|  30|0x0000000087000000, 0x00000000870ffff8, 0x0000000087100000| 99%| O|  |TAMS 0x0000000087000000| PB 0x0000000087000000| Untracked |  0
|  31|0x0000000087100000, 0x00000000871fff88, 0x0000000087200000| 99%| O|  |TAMS 0x0000000087100000| PB 0x0000000087100000| Untracked |  0
|  32|0x0000000087200000, 0x00000000872ffad8, 0x0000000087300000| 99%| O|  |TAMS 0x0000000087200000| PB 0x0000000087200000| Untracked |  0
|  33|0x0000000087300000, 0x0000000087400000, 0x0000000087400000|100%| O|  |TAMS 0x0000000087300000| PB 0x0000000087300000| Untracked |  0
|  34|0x0000000087400000, 0x0000000087500000, 0x0000000087500000|100%| O|  |TAMS 0x0000000087400000| PB 0x0000000087400000| Untracked |  0
|  35|0x0000000087500000, 0x00000000875fffe0, 0x0000000087600000| 99%| O|  |TAMS 0x0000000087500000| PB 0x0000000087500000| Untracked |  0
|  36|0x0000000087600000, 0x00000000876fffe0, 0x0000000087700000| 99%| O|  |TAMS 0x0000000087600000| PB 0x0000000087600000| Untracked |  0
|  37|0x0000000087700000, 0x00000000877fbb10, 0x0000000087800000| 98%| O|  |TAMS 0x0000000087700000| PB 0x0000000087700000| Untracked |  0
|  38|0x0000000087800000, 0x00000000878ffff8, 0x0000000087900000| 99%| O|  |TAMS 0x0000000087800000| PB 0x0000000087800000| Untracked |  0
|  39|0x0000000087900000, 0x00000000879fff80, 0x0000000087a00000| 99%| O|  |TAMS 0x0000000087900000| PB 0x0000000087900000| Untracked |  0
|  40|0x0000000087a00000, 0x0000000087afffe0, 0x0000000087b00000| 99%| O|  |TAMS 0x0000000087a00000| PB 0x0000000087a00000| Untracked |  0
|  41|0x0000000087b00000, 0x0000000087bffff8, 0x0000000087c00000| 99%| O|  |TAMS 0x0000000087b00000| PB 0x0000000087b00000| Untracked |  0
|  42|0x0000000087c00000, 0x0000000087cffff0, 0x0000000087d00000| 99%| O|  |TAMS 0x0000000087c00000| PB 0x0000000087c00000| Untracked |  0
|  43|0x0000000087d00000, 0x0000000087dffff8, 0x0000000087e00000| 99%| O|  |TAMS 0x0000000087d00000| PB 0x0000000087d00000| Untracked |  0
|  44|0x0000000087e00000, 0x0000000087e3b090, 0x0000000087f00000| 23%| O|  |TAMS 0x0000000087e00000| PB 0x0000000087e00000| Untracked |  0
|  45|0x0000000087f00000, 0x0000000087f62ed0, 0x0000000088000000| 38%| O|  |TAMS 0x0000000087f00000| PB 0x0000000087f00000| Untracked |  0
|  46|0x0000000088000000, 0x00000000880ffff8, 0x0000000088100000| 99%| O|  |TAMS 0x0000000088000000| PB 0x0000000088000000| Untracked |  0
|  47|0x0000000088100000, 0x00000000881a72a0, 0x0000000088200000| 65%| O|  |TAMS 0x0000000088100000| PB 0x0000000088100000| Untracked |  0
|  48|0x0000000088200000, 0x00000000882f4380, 0x0000000088300000| 95%| O|  |TAMS 0x0000000088200000| PB 0x0000000088200000| Untracked |  0
|  49|0x0000000088300000, 0x0000000088316bd8, 0x0000000088400000|  8%| O|Cm|TAMS 0x0000000088300000| PB 0x0000000088300000| Complete |  0
|  50|0x0000000088400000, 0x0000000088500000, 0x0000000088500000|100%| O|  |TAMS 0x0000000088400000| PB 0x0000000088400000| Untracked |  0
|  51|0x0000000088500000, 0x0000000088600000, 0x0000000088600000|100%| O|  |TAMS 0x0000000088500000| PB 0x0000000088500000| Untracked |  0
|  52|0x0000000088600000, 0x0000000088633530, 0x0000000088700000| 20%| O|  |TAMS 0x0000000088600000| PB 0x0000000088600000| Untracked |  0
|  53|0x0000000088700000, 0x0000000088800000, 0x0000000088800000|100%| O|  |TAMS 0x0000000088700000| PB 0x0000000088700000| Untracked |  0
|  54|0x0000000088800000, 0x0000000088900000, 0x0000000088900000|100%| O|  |TAMS 0x0000000088800000| PB 0x0000000088800000| Untracked |  0
|  55|0x0000000088900000, 0x0000000088a00000, 0x0000000088a00000|100%| O|  |TAMS 0x0000000088900000| PB 0x0000000088900000| Untracked |  0
|  56|0x0000000088a00000, 0x0000000088a00000, 0x0000000088b00000|  0%| F|  |TAMS 0x0000000088a00000| PB 0x0000000088a00000| Untracked |  0
|  57|0x0000000088b00000, 0x0000000088b00000, 0x0000000088c00000|  0%| F|  |TAMS 0x0000000088b00000| PB 0x0000000088b00000| Untracked |  0
|  58|0x0000000088c00000, 0x0000000088c00000, 0x0000000088d00000|  0%| F|  |TAMS 0x0000000088c00000| PB 0x0000000088c00000| Untracked |  0
|  59|0x0000000088d00000, 0x0000000088d00000, 0x0000000088e00000|  0%| F|  |TAMS 0x0000000088d00000| PB 0x0000000088d00000| Untracked |  0
|  60|0x0000000088e00000, 0x0000000088e00000, 0x0000000088f00000|  0%| F|  |TAMS 0x0000000088e00000| PB 0x0000000088e00000| Untracked |  0
|  61|0x0000000088f00000, 0x0000000088f00000, 0x0000000089000000|  0%| F|  |TAMS 0x0000000088f00000| PB 0x0000000088f00000| Untracked |  0
|  62|0x0000000089000000, 0x0000000089000000, 0x0000000089100000|  0%| F|  |TAMS 0x0000000089000000| PB 0x0000000089000000| Untracked |  0
|  63|0x0000000089100000, 0x0000000089100000, 0x0000000089200000|  0%| F|  |TAMS 0x0000000089100000| PB 0x0000000089100000| Untracked |  0
|  64|0x0000000089200000, 0x0000000089300000, 0x0000000089300000|100%| O|  |TAMS 0x0000000089200000| PB 0x0000000089200000| Untracked |  0
|  65|0x0000000089300000, 0x0000000089400000, 0x0000000089400000|100%| O|  |TAMS 0x0000000089300000| PB 0x0000000089300000| Untracked |  0
|  66|0x0000000089400000, 0x0000000089461458, 0x0000000089500000| 37%| S|CS|TAMS 0x0000000089400000| PB 0x0000000089400000| Complete |  0
|  67|0x0000000089500000, 0x0000000089600000, 0x0000000089600000|100%| S|CS|TAMS 0x0000000089500000| PB 0x0000000089500000| Complete |  0
|  68|0x0000000089600000, 0x0000000089700000, 0x0000000089700000|100%| S|CS|TAMS 0x0000000089600000| PB 0x0000000089600000| Complete |  0
|  69|0x0000000089700000, 0x0000000089800000, 0x0000000089800000|100%| S|CS|TAMS 0x0000000089700000| PB 0x0000000089700000| Complete |  0
|  70|0x0000000089800000, 0x0000000089900000, 0x0000000089900000|100%| S|CS|TAMS 0x0000000089800000| PB 0x0000000089800000| Complete |  0
|  71|0x0000000089900000, 0x0000000089900000, 0x0000000089a00000|  0%| F|  |TAMS 0x0000000089900000| PB 0x0000000089900000| Untracked |  0
|  72|0x0000000089a00000, 0x0000000089a00000, 0x0000000089b00000|  0%| F|  |TAMS 0x0000000089a00000| PB 0x0000000089a00000| Untracked |  0
|  73|0x0000000089b00000, 0x0000000089b00000, 0x0000000089c00000|  0%| F|  |TAMS 0x0000000089b00000| PB 0x0000000089b00000| Untracked |  0
|  74|0x0000000089c00000, 0x0000000089c00000, 0x0000000089d00000|  0%| F|  |TAMS 0x0000000089c00000| PB 0x0000000089c00000| Untracked |  0
|  75|0x0000000089d00000, 0x0000000089d00000, 0x0000000089e00000|  0%| F|  |TAMS 0x0000000089d00000| PB 0x0000000089d00000| Untracked |  0
|  76|0x0000000089e00000, 0x0000000089e00000, 0x0000000089f00000|  0%| F|  |TAMS 0x0000000089e00000| PB 0x0000000089e00000| Untracked |  0
|  77|0x0000000089f00000, 0x0000000089f00000, 0x000000008a000000|  0%| F|  |TAMS 0x0000000089f00000| PB 0x0000000089f00000| Untracked |  0
|  78|0x000000008a000000, 0x000000008a000000, 0x000000008a100000|  0%| F|  |TAMS 0x000000008a000000| PB 0x000000008a000000| Untracked |  0
|  79|0x000000008a100000, 0x000000008a1e3c48, 0x000000008a200000| 88%| E|  |TAMS 0x000000008a100000| PB 0x000000008a100000| Complete |  0
|  80|0x000000008a200000, 0x000000008a300000, 0x000000008a300000|100%| E|CS|TAMS 0x000000008a200000| PB 0x000000008a200000| Complete |  0
|  81|0x000000008a300000, 0x000000008a400000, 0x000000008a400000|100%| E|CS|TAMS 0x000000008a300000| PB 0x000000008a300000| Complete |  0
|  82|0x000000008a400000, 0x000000008a500000, 0x000000008a500000|100%| E|CS|TAMS 0x000000008a400000| PB 0x000000008a400000| Complete |  0
|  83|0x000000008a500000, 0x000000008a600000, 0x000000008a600000|100%| E|CS|TAMS 0x000000008a500000| PB 0x000000008a500000| Complete |  0
|  84|0x000000008a600000, 0x000000008a700000, 0x000000008a700000|100%| E|CS|TAMS 0x000000008a600000| PB 0x000000008a600000| Complete |  0
|  85|0x000000008a700000, 0x000000008a800000, 0x000000008a800000|100%| E|CS|TAMS 0x000000008a700000| PB 0x000000008a700000| Complete |  0
|  86|0x000000008a800000, 0x000000008a900000, 0x000000008a900000|100%| E|CS|TAMS 0x000000008a800000| PB 0x000000008a800000| Complete |  0
|  87|0x000000008a900000, 0x000000008aa00000, 0x000000008aa00000|100%| E|CS|TAMS 0x000000008a900000| PB 0x000000008a900000| Complete |  0
|  88|0x000000008aa00000, 0x000000008ab00000, 0x000000008ab00000|100%| E|CS|TAMS 0x000000008aa00000| PB 0x000000008aa00000| Complete |  0
|  89|0x000000008ab00000, 0x000000008ac00000, 0x000000008ac00000|100%| E|CS|TAMS 0x000000008ab00000| PB 0x000000008ab00000| Complete |  0
|  90|0x000000008ac00000, 0x000000008ad00000, 0x000000008ad00000|100%| E|CS|TAMS 0x000000008ac00000| PB 0x000000008ac00000| Complete |  0
|  91|0x000000008ad00000, 0x000000008ae00000, 0x000000008ae00000|100%| E|CS|TAMS 0x000000008ad00000| PB 0x000000008ad00000| Complete |  0
|  92|0x000000008ae00000, 0x000000008af00000, 0x000000008af00000|100%| E|CS|TAMS 0x000000008ae00000| PB 0x000000008ae00000| Complete |  0
|  93|0x000000008af00000, 0x000000008b000000, 0x000000008b000000|100%| E|CS|TAMS 0x000000008af00000| PB 0x000000008af00000| Complete |  0
|  94|0x000000008b000000, 0x000000008b100000, 0x000000008b100000|100%| E|CS|TAMS 0x000000008b000000| PB 0x000000008b000000| Complete |  0
|  95|0x000000008b100000, 0x000000008b200000, 0x000000008b200000|100%| E|CS|TAMS 0x000000008b100000| PB 0x000000008b100000| Complete |  0
|  96|0x000000008b200000, 0x000000008b300000, 0x000000008b300000|100%| E|CS|TAMS 0x000000008b200000| PB 0x000000008b200000| Complete |  0
|  97|0x000000008b300000, 0x000000008b400000, 0x000000008b400000|100%| E|CS|TAMS 0x000000008b300000| PB 0x000000008b300000| Complete |  0
|  98|0x000000008b400000, 0x000000008b500000, 0x000000008b500000|100%| E|CS|TAMS 0x000000008b400000| PB 0x000000008b400000| Complete |  0
|  99|0x000000008b500000, 0x000000008b600000, 0x000000008b600000|100%| E|CS|TAMS 0x000000008b500000| PB 0x000000008b500000| Complete |  0
| 100|0x000000008b600000, 0x000000008b700000, 0x000000008b700000|100%| E|CS|TAMS 0x000000008b600000| PB 0x000000008b600000| Complete |  0
| 101|0x000000008b700000, 0x000000008b800000, 0x000000008b800000|100%| E|CS|TAMS 0x000000008b700000| PB 0x000000008b700000| Complete |  0
| 102|0x000000008b800000, 0x000000008b900000, 0x000000008b900000|100%| E|CS|TAMS 0x000000008b800000| PB 0x000000008b800000| Complete |  0
| 103|0x000000008b900000, 0x000000008ba00000, 0x000000008ba00000|100%| E|CS|TAMS 0x000000008b900000| PB 0x000000008b900000| Complete |  0
| 104|0x000000008ba00000, 0x000000008bb00000, 0x000000008bb00000|100%| E|CS|TAMS 0x000000008ba00000| PB 0x000000008ba00000| Complete |  0
| 105|0x000000008bb00000, 0x000000008bc00000, 0x000000008bc00000|100%| E|CS|TAMS 0x000000008bb00000| PB 0x000000008bb00000| Complete |  0
| 106|0x000000008bc00000, 0x000000008bd00000, 0x000000008bd00000|100%| E|CS|TAMS 0x000000008bc00000| PB 0x000000008bc00000| Complete |  0
| 107|0x000000008bd00000, 0x000000008be00000, 0x000000008be00000|100%| E|CS|TAMS 0x000000008bd00000| PB 0x000000008bd00000| Complete |  0
| 108|0x000000008be00000, 0x000000008bf00000, 0x000000008bf00000|100%| E|CS|TAMS 0x000000008be00000| PB 0x000000008be00000| Complete |  0
| 109|0x000000008bf00000, 0x000000008c000000, 0x000000008c000000|100%| E|CS|TAMS 0x000000008bf00000| PB 0x000000008bf00000| Complete |  0
| 110|0x000000008c000000, 0x000000008c100000, 0x000000008c100000|100%| E|CS|TAMS 0x000000008c000000| PB 0x000000008c000000| Complete |  0
| 123|0x000000008cd00000, 0x000000008ce00000, 0x000000008ce00000|100%| E|CS|TAMS 0x000000008cd00000| PB 0x000000008cd00000| Complete |  0
|1957|0x00000000ff700000, 0x00000000ff800000, 0x00000000ff800000|100%| E|CS|TAMS 0x00000000ff700000| PB 0x00000000ff700000| Complete |  0
|1958|0x00000000ff800000, 0x00000000ff900000, 0x00000000ff900000|100%| E|CS|TAMS 0x00000000ff800000| PB 0x00000000ff800000| Complete |  0
|1959|0x00000000ff900000, 0x00000000ffa00000, 0x00000000ffa00000|100%| E|CS|TAMS 0x00000000ff900000| PB 0x00000000ff900000| Complete |  0
|1960|0x00000000ffa00000, 0x00000000ffb00000, 0x00000000ffb00000|100%| E|CS|TAMS 0x00000000ffa00000| PB 0x00000000ffa00000| Complete |  0
|1961|0x00000000ffb00000, 0x00000000ffc00000, 0x00000000ffc00000|100%| E|CS|TAMS 0x00000000ffb00000| PB 0x00000000ffb00000| Complete |  0
|1962|0x00000000ffc00000, 0x00000000ffd00000, 0x00000000ffd00000|100%| E|CS|TAMS 0x00000000ffc00000| PB 0x00000000ffc00000| Complete |  0
|1963|0x00000000ffd00000, 0x00000000ffe00000, 0x00000000ffe00000|100%| E|CS|TAMS 0x00000000ffd00000| PB 0x00000000ffd00000| Complete |  0
|1964|0x00000000ffe00000, 0x00000000fff00000, 0x00000000fff00000|100%| E|CS|TAMS 0x00000000ffe00000| PB 0x00000000ffe00000| Complete |  0
|1965|0x00000000fff00000, 0x0000000100000000, 0x0000000100000000|100%| E|CS|TAMS 0x00000000fff00000| PB 0x00000000fff00000| Complete |  0

Card table byte_map: [0x00000257f1c90000,0x00000257f2070000] _byte_map_base: 0x00000257f1867000

Marking Bits: (CMBitMap*) 0x00000257e3d61950
 Bits: [0x00000257f2070000, 0x00000257f3f28000)

Polling page: 0x00000257e3a30000

Metaspace:
Metaspace        used 113257K, committed 114240K, reserved 1179648K
 class space     used 16672K, committed 17088K, reserved 1048576K

Usage:
  Non-class:     94.32 MB used.
      Class:     16.28 MB used.
       Both:    110.60 MB used.

Virtual space:
  Non-class space:      128.00 MB reserved,      94.88 MB ( 74%) committed,  2 nodes.
      Class space:        1.00 GB reserved,      16.69 MB (  2%) committed,  1 nodes.
             Both:        1.12 GB reserved,     111.56 MB ( 10%) committed. 

Chunk freelists:
   Non-Class:  544.00 KB
       Class:  15.20 MB
        Both:  15.73 MB

MaxMetaspaceSize: unlimited
CompressedClassSpaceSize: 1.00 GB
Initial GC threshold: 21.00 MB
Current GC threshold: 184.69 MB
CDS: on
 - commit_granule_bytes: 65536.
 - commit_granule_words: 8192.
 - virtual_space_node_default_size: 8388608.
 - enlarge_chunks_in_place: 1.
UseCompressedClassPointers 1, UseCompactObjectHeaders 0
Narrow klass pointer bits 32, Max shift 3
Narrow klass base: 0x000000000e000000, Narrow klass shift: 0
Encoding Range: [0x000000000e000000 - 0x000000010e000000), (4294967296 bytes)
Klass Range:    [0x000000000e010000 - 0x000000004f000000), (1090453504 bytes)
Klass ID Range:  [65536 - 1090519033) (1090453497)
Protection zone: [0x000000000e000000 - 0x000000000e010000), (65536 bytes)


Internal statistics:

num_allocs_failed_limit: 6.
num_arena_births: 1726.
num_arena_deaths: 346.
num_vsnodes_births: 3.
num_vsnodes_deaths: 0.
num_space_committed: 1785.
num_space_uncommitted: 0.
num_chunks_returned_to_freelist: 380.
num_chunks_taken_from_freelist: 5859.
num_chunk_merges: 79.
num_chunk_splits: 4076.
num_chunks_enlarged: 3262.
num_inconsistent_stats: 0.

CodeCache: size=49152Kb used=14158Kb max_used=17181Kb free=34993Kb
 bounds [0x00000257edda0000, 0x00000257eee70000, 0x00000257f0da0000]
 total_blobs=11300, nmethods=10308, adapters=903, full_count=0
Compilation: enabled, stopped_count=0, restarted_count=0

Compilation events (20 events):
Event: 2719.291 Thread 0x00000257fe4a03f0 17343       1       sun.security.util.DerValue::subs (75 bytes)
Event: 2719.291 Thread 0x00000257fbdf1dd0 nmethod 17342 0x00000257ee5e5408 code [0x00000257ee5e5500, 0x00000257ee5e56a8]
Event: 2719.291 Thread 0x00000257fbdea4e0 nmethod 17341 0x00000257ee929988 code [0x00000257ee929a80, 0x00000257ee929f60]
Event: 2719.292 Thread 0x00000257fe4a03f0 nmethod 17343 0x00000257ee256108 code [0x00000257ee256200, 0x00000257ee256798]
Event: 2719.296 Thread 0x00000257f68c6130 17344       1       java.util.Collections$SynchronizedCollection::iterator (10 bytes)
Event: 2719.296 Thread 0x00000257f68c6130 nmethod 17344 0x00000257ee5e7e88 code [0x00000257ee5e7f80, 0x00000257ee5e8080]
Event: 2719.296 Thread 0x00000257fbdea4e0 17345       1       java.text.StringBufFactory$StringBufferImpl::length (8 bytes)
Event: 2719.297 Thread 0x00000257fbdea4e0 nmethod 17345 0x00000257ee9b3e88 code [0x00000257ee9b3f80, 0x00000257ee9b41c8]
Event: 2719.299 Thread 0x00000257fe4a03f0 17346       1       java.nio.channels.spi.AbstractInterruptibleChannel::<init> (28 bytes)
Event: 2719.299 Thread 0x00000257fbdea4e0 17347       1       java.nio.channels.spi.AbstractInterruptibleChannel$1::<init> (15 bytes)
Event: 2719.299 Thread 0x00000257fe4a03f0 nmethod 17346 0x00000257ee9b4a88 code [0x00000257ee9b4b80, 0x00000257ee9b4e00]
Event: 2719.299 Thread 0x00000257fbdea4e0 nmethod 17347 0x00000257ee5e9308 code [0x00000257ee5e9400, 0x00000257ee5e95c8]
Event: 2719.303 Thread 0x00000257fbdf1dd0 17348       1       org.springframework.core.annotation.TypeMappedAnnotations::get (8 bytes)
Event: 2719.303 Thread 0x00000257fbdf1dd0 nmethod 17348 0x00000257ee5e9e88 code [0x00000257ee5e9f80, 0x00000257ee5ea088]
Event: 2719.306 Thread 0x00000257fbdea4e0 17349       1       org.springframework.boot.autoconfigure.condition.ConditionEvaluationReport$$Lambda/0x000000001003fc08::accept (20 bytes)
Event: 2719.307 Thread 0x00000257f68c6130 17350       1       org.springframework.boot.autoconfigure.condition.ConditionEvaluationReport::lambda$getDelta$0 (44 bytes)
Event: 2719.307 Thread 0x00000257fbdea4e0 nmethod 17349 0x00000257ee5ede08 code [0x00000257ee5edf00, 0x00000257ee5ee070]
Event: 2719.307 Thread 0x00000257f68c6130 nmethod 17350 0x00000257ee9b8d88 code [0x00000257ee9b8e80, 0x00000257ee9b90b8]
Event: 2734.085 Thread 0x00000257f68c6130 17352       1       java.lang.Thread::onSpinWait (1 bytes)
Event: 2734.086 Thread 0x00000257f68c6130 nmethod 17352 0x00000257ee5ef708 code [0x00000257ee5ef800, 0x00000257ee5ef8a0]

GC Heap Usage History (20 events):
Event: 2281.708 {heap Before GC invocations=47 (full 0):
 garbage-first heap   total reserved 2013184K, committed 115712K, used 107585K [0x0000000085200000, 0x0000000100000000)
  region size 1024K, 61 young (62464K), 3 survivors (3072K)
}
Event: 2281.867 {heap After GC invocations=48 (full 0):
 garbage-first heap   total reserved 2013184K, committed 115712K, used 48686K [0x0000000085200000, 0x0000000100000000)
  region size 1024K, 3 young (3072K), 3 survivors (3072K)
}
Event: 2543.395 {heap Before GC invocations=49 (full 0):
 garbage-first heap   total reserved 2013184K, committed 115712K, used 107054K [0x0000000085200000, 0x0000000100000000)
  region size 1024K, 61 young (62464K), 3 survivors (3072K)
}
Event: 2543.483 {heap After GC invocations=50 (full 0):
 garbage-first heap   total reserved 2013184K, committed 115712K, used 49879K [0x0000000085200000, 0x0000000100000000)
  region size 1024K, 5 young (5120K), 5 survivors (5120K)
}
Event: 2544.335 {heap Before GC invocations=50 (full 0):
 garbage-first heap   total reserved 2013184K, committed 115712K, used 106199K [0x0000000085200000, 0x0000000100000000)
  region size 1024K, 61 young (62464K), 5 survivors (5120K)
}
Event: 2544.387 {heap After GC invocations=51 (full 0):
 garbage-first heap   total reserved 2013184K, committed 116736K, used 49883K [0x0000000085200000, 0x0000000100000000)
  region size 1024K, 6 young (6144K), 6 survivors (6144K)
}
Event: 2587.290 {heap Before GC invocations=51 (full 0):
 garbage-first heap   total reserved 2013184K, committed 116736K, used 107227K [0x0000000085200000, 0x0000000100000000)
  region size 1024K, 63 young (64512K), 6 survivors (6144K)
}
Event: 2587.336 {heap After GC invocations=52 (full 0):
 garbage-first heap   total reserved 2013184K, committed 117760K, used 52101K [0x0000000085200000, 0x0000000100000000)
  region size 1024K, 7 young (7168K), 7 survivors (7168K)
}
Event: 2698.351 {heap Before GC invocations=53 (full 0):
 garbage-first heap   total reserved 2013184K, committed 117760K, used 64389K [0x0000000085200000, 0x0000000100000000)
  region size 1024K, 20 young (20480K), 7 survivors (7168K)
}
Event: 2701.550 {heap After GC invocations=54 (full 1):
 garbage-first heap   total reserved 2013184K, committed 117760K, used 40007K [0x0000000085200000, 0x0000000100000000)
  region size 1024K, 0 young (0K), 0 survivors (0K)
}
Event: 2707.196 {heap Before GC invocations=54 (full 1):
 garbage-first heap   total reserved 2013184K, committed 117760K, used 106567K [0x0000000085200000, 0x0000000100000000)
  region size 1024K, 66 young (67584K), 0 survivors (0K)
}
Event: 2707.239 {heap After GC invocations=55 (full 1):
 garbage-first heap   total reserved 2013184K, committed 120832K, used 49273K [0x0000000085200000, 0x0000000100000000)
  region size 1024K, 9 young (9216K), 9 survivors (9216K)
}
Event: 2715.788 {heap Before GC invocations=56 (full 1):
 garbage-first heap   total reserved 2013184K, committed 120832K, used 105593K [0x0000000085200000, 0x0000000100000000)
  region size 1024K, 64 young (65536K), 9 survivors (9216K)
}
Event: 2715.795 {heap After GC invocations=57 (full 1):
 garbage-first heap   total reserved 2013184K, committed 123904K, used 54545K [0x0000000085200000, 0x0000000100000000)
  region size 1024K, 6 young (6144K), 6 survivors (6144K)
}
Event: 2717.555 {heap Before GC invocations=57 (full 1):
 garbage-first heap   total reserved 2013184K, committed 123904K, used 90385K [0x0000000085200000, 0x0000000100000000)
  region size 1024K, 42 young (43008K), 6 survivors (6144K)
}
Event: 2717.616 {heap After GC invocations=58 (full 2):
 garbage-first heap   total reserved 2013184K, committed 123904K, used 48604K [0x0000000085200000, 0x0000000100000000)
  region size 1024K, 0 young (0K), 0 survivors (0K)
}
Event: 2718.115 {heap Before GC invocations=58 (full 2):
 garbage-first heap   total reserved 2013184K, committed 123904K, used 105948K [0x0000000085200000, 0x0000000100000000)
  region size 1024K, 57 young (58368K), 0 survivors (0K)
}
Event: 2718.120 {heap After GC invocations=59 (full 2):
 garbage-first heap   total reserved 2013184K, committed 123904K, used 56102K [0x0000000085200000, 0x0000000100000000)
  region size 1024K, 8 young (8192K), 8 survivors (8192K)
}
Event: 2718.921 {heap Before GC invocations=60 (full 2):
 garbage-first heap   total reserved 2013184K, committed 123904K, used 107302K [0x0000000085200000, 0x0000000100000000)
  region size 1024K, 58 young (59392K), 8 survivors (8192K)
}
Event: 2718.927 {heap After GC invocations=61 (full 2):
 garbage-first heap   total reserved 2013184K, committed 123904K, used 60257K [0x0000000085200000, 0x0000000100000000)
  region size 1024K, 5 young (5120K), 5 survivors (5120K)
}

Metaspace Usage History (20 events):
Event: 2281.710 {metaspace Before GC invocations=47 (full 0):
 Metaspace       used 99247K, committed 99904K, reserved 1179648K
  class space    used 14882K, committed 15168K, reserved 1048576K
}
Event: 2281.867 {metaspace After GC invocations=48 (full 0):
 Metaspace       used 99247K, committed 99904K, reserved 1179648K
  class space    used 14882K, committed 15168K, reserved 1048576K
}
Event: 2543.396 {metaspace Before GC invocations=49 (full 0):
 Metaspace       used 101586K, committed 102208K, reserved 1179648K
  class space    used 15167K, committed 15424K, reserved 1048576K
}
Event: 2543.483 {metaspace After GC invocations=50 (full 0):
 Metaspace       used 101586K, committed 102208K, reserved 1179648K
  class space    used 15167K, committed 15424K, reserved 1048576K
}
Event: 2544.335 {metaspace Before GC invocations=50 (full 0):
 Metaspace       used 103294K, committed 103936K, reserved 1179648K
  class space    used 15384K, committed 15680K, reserved 1048576K
}
Event: 2544.387 {metaspace After GC invocations=51 (full 0):
 Metaspace       used 103294K, committed 103936K, reserved 1179648K
  class space    used 15384K, committed 15680K, reserved 1048576K
}
Event: 2587.290 {metaspace Before GC invocations=51 (full 0):
 Metaspace       used 110864K, committed 111744K, reserved 1179648K
  class space    used 16403K, committed 16768K, reserved 1048576K
}
Event: 2587.336 {metaspace After GC invocations=52 (full 0):
 Metaspace       used 110864K, committed 111744K, reserved 1179648K
  class space    used 16403K, committed 16768K, reserved 1048576K
}
Event: 2698.353 {metaspace Before GC invocations=53 (full 0):
 Metaspace       used 111025K, committed 111936K, reserved 1179648K
  class space    used 16437K, committed 16832K, reserved 1048576K
}
Event: 2701.550 {metaspace After GC invocations=54 (full 1):
 Metaspace       used 110992K, committed 111936K, reserved 1179648K
  class space    used 16427K, committed 16832K, reserved 1048576K
}
Event: 2707.197 {metaspace Before GC invocations=54 (full 1):
 Metaspace       used 111439K, committed 112384K, reserved 1179648K
  class space    used 16504K, committed 16896K, reserved 1048576K
}
Event: 2707.239 {metaspace After GC invocations=55 (full 1):
 Metaspace       used 111439K, committed 112384K, reserved 1179648K
  class space    used 16504K, committed 16896K, reserved 1048576K
}
Event: 2715.788 {metaspace Before GC invocations=56 (full 1):
 Metaspace       used 111935K, committed 112832K, reserved 1179648K
  class space    used 16536K, committed 16896K, reserved 1048576K
}
Event: 2715.795 {metaspace After GC invocations=57 (full 1):
 Metaspace       used 111935K, committed 112832K, reserved 1179648K
  class space    used 16536K, committed 16896K, reserved 1048576K
}
Event: 2717.555 {metaspace Before GC invocations=57 (full 1):
 Metaspace       used 112208K, committed 113216K, reserved 1179648K
  class space    used 16575K, committed 17024K, reserved 1048576K
}
Event: 2717.616 {metaspace After GC invocations=58 (full 2):
 Metaspace       used 112208K, committed 113216K, reserved 1179648K
  class space    used 16575K, committed 17024K, reserved 1048576K
}
Event: 2718.115 {metaspace Before GC invocations=58 (full 2):
 Metaspace       used 112513K, committed 113472K, reserved 1179648K
  class space    used 16611K, committed 17024K, reserved 1048576K
}
Event: 2718.120 {metaspace After GC invocations=59 (full 2):
 Metaspace       used 112513K, committed 113472K, reserved 1179648K
  class space    used 16611K, committed 17024K, reserved 1048576K
}
Event: 2718.921 {metaspace Before GC invocations=60 (full 2):
 Metaspace       used 112945K, committed 113920K, reserved 1179648K
  class space    used 16647K, committed 17088K, reserved 1048576K
}
Event: 2718.927 {metaspace After GC invocations=61 (full 2):
 Metaspace       used 112945K, committed 113920K, reserved 1179648K
  class space    used 16647K, committed 17088K, reserved 1048576K
}

Dll operation events (17 events):
Event: 0.088 Loaded shared library C:\Program Files\Java\jdk-25.0.2\bin\java.dll
Event: 0.904 Loaded shared library C:\Program Files\Java\jdk-25.0.2\bin\zip.dll
Event: 0.911 Loaded shared library C:\Program Files\Java\jdk-25.0.2\bin\instrument.dll
Event: 0.923 Loaded shared library C:\Program Files\Java\jdk-25.0.2\bin\net.dll
Event: 0.929 Loaded shared library C:\Program Files\Java\jdk-25.0.2\bin\nio.dll
Event: 0.933 Loaded shared library C:\Program Files\Java\jdk-25.0.2\bin\zip.dll
Event: 1.265 Loaded shared library C:\Program Files\Java\jdk-25.0.2\bin\jimage.dll
Event: 1.393 Loaded shared library C:\Program Files\Java\jdk-25.0.2\bin\management.dll
Event: 1.431 Loaded shared library C:\Program Files\Java\jdk-25.0.2\bin\management_ext.dll
Event: 2.125 Loaded shared library C:\Program Files\Java\jdk-25.0.2\bin\extnet.dll
Event: 2.176 Loaded shared library C:\Program Files\Java\jdk-25.0.2\bin\verify.dll
Event: 4.775 Loaded shared library C:\Program Files\Java\jdk-25.0.2\bin\sunmscapi.dll
Event: 2544.897 Loaded shared library C:\Program Files\Java\jdk-25.0.2\bin\awt.dll
Event: 2544.927 Loaded shared library C:\Program Files\Java\jdk-25.0.2\bin\freetype.dll
Event: 2544.932 Loaded shared library C:\Program Files\Java\jdk-25.0.2\bin\fontmanager.dll
Event: 2545.247 Loaded shared library C:\Windows\System32\ucrtbase.dll
Event: 2545.252 Loaded shared library C:\Program Files\Java\jdk-25.0.2\bin\syslookup.dll

Deoptimization events (20 events):
Event: 2719.304 Thread 0x00000257fe93f800 DEOPT PACKING pc=0x00000257ee6b3c54 sp=0x0000007f83ffdd20
Event: 2719.304 Thread 0x00000257fe93f800 DEOPT UNPACKING pc=0x00000257eddf1702 sp=0x0000007f83ffd210 mode 1
Event: 2719.304 Thread 0x00000257fe93f800 DEOPT PACKING pc=0x00000257eec7b72c sp=0x0000007f83ffe2e0
Event: 2719.304 Thread 0x00000257fe93f800 DEOPT UNPACKING pc=0x00000257eddf1702 sp=0x0000007f83ffda58 mode 1
Event: 2719.304 Thread 0x00000257fe93f800 DEOPT PACKING pc=0x00000257eea4cda4 sp=0x0000007f83ffe760
Event: 2719.304 Thread 0x00000257fe93f800 DEOPT UNPACKING pc=0x00000257eddf1702 sp=0x0000007f83ffdcd0 mode 1
Event: 2719.304 Thread 0x00000257fe93f800 DEOPT PACKING pc=0x00000257ee4625b4 sp=0x0000007f83ffe890
Event: 2719.304 Thread 0x00000257fe93f800 DEOPT UNPACKING pc=0x00000257eddf1702 sp=0x0000007f83ffdf10 mode 1
Event: 2719.304 Thread 0x00000257fe93f800 DEOPT PACKING pc=0x00000257ee464874 sp=0x0000007f83ffeb40
Event: 2719.304 Thread 0x00000257fe93f800 DEOPT UNPACKING pc=0x00000257eddf1702 sp=0x0000007f83ffe008 mode 1
Event: 2719.304 Thread 0x00000257fe93f800 DEOPT PACKING pc=0x00000257eec7b72c sp=0x0000007f83ffe2e0
Event: 2719.304 Thread 0x00000257fe93f800 DEOPT UNPACKING pc=0x00000257eddf1702 sp=0x0000007f83ffda58 mode 1
Event: 2719.304 Thread 0x00000257fe93f800 DEOPT PACKING pc=0x00000257eea4cda4 sp=0x0000007f83ffe760
Event: 2719.304 Thread 0x00000257fe93f800 DEOPT UNPACKING pc=0x00000257eddf1702 sp=0x0000007f83ffdcd0 mode 1
Event: 2719.304 Thread 0x00000257fe93f800 DEOPT PACKING pc=0x00000257ee4625b4 sp=0x0000007f83ffe890
Event: 2719.304 Thread 0x00000257fe93f800 DEOPT UNPACKING pc=0x00000257eddf1702 sp=0x0000007f83ffdf10 mode 1
Event: 2719.304 Thread 0x00000257fe93f800 DEOPT PACKING pc=0x00000257ee464874 sp=0x0000007f83ffeb40
Event: 2719.304 Thread 0x00000257fe93f800 DEOPT UNPACKING pc=0x00000257eddf1702 sp=0x0000007f83ffe008 mode 1
Event: 2765.851 Thread 0x00000257fd2dad20 DEOPT PACKING pc=0x00000257ee78de6c sp=0x0000007f873f9f40
Event: 2765.851 Thread 0x00000257fd2dad20 DEOPT UNPACKING pc=0x00000257eddf1702 sp=0x0000007f873f93e8 mode 0

Classes loaded (20 events):
Event: 2545.873 Loading class com/sun/org/apache/xerces/internal/dom/TextImpl
Event: 2545.874 Loading class com/sun/org/apache/xerces/internal/dom/CharacterDataImpl
Event: 2545.874 Loading class com/sun/org/apache/xerces/internal/dom/CharacterDataImpl done
Event: 2545.874 Loading class com/sun/org/apache/xerces/internal/dom/TextImpl done
Event: 2545.874 Loading class com/sun/org/apache/xerces/internal/dom/CharacterDataImpl$1
Event: 2545.874 Loading class com/sun/org/apache/xerces/internal/dom/CharacterDataImpl$1 done
Event: 2658.127 Loading class java/util/concurrent/locks/AbstractQueuedSynchronizer$SharedNode
Event: 2658.135 Loading class java/util/concurrent/locks/AbstractQueuedSynchronizer$SharedNode done
Event: 2698.193 Loading class java/nio/file/SimpleFileVisitor
Event: 2698.207 Loading class java/nio/file/SimpleFileVisitor done
Event: 2698.248 Loading class java/nio/file/Files$3
Event: 2698.255 Loading class java/nio/file/Files$3 done
Event: 2698.258 Loading class java/nio/file/FileVisitResult
Event: 2698.264 Loading class java/nio/file/FileVisitResult done
Event: 2701.553 Loading class java/lang/ref/Finalizer$1
Event: 2701.559 Loading class java/lang/ref/Finalizer$1 done
Event: 2702.101 Loading class java/io/FileOutputStream$1
Event: 2702.102 Loading class java/io/FileOutputStream$1 done
Event: 2704.771 Loading class java/time/DurationEditor
Event: 2704.771 Loading class java/time/DurationEditor done

Classes unloaded (20 events):
Event: 2707.290 Thread 0x00000257f688d8f0 Unloading class 0x000000000ffb5c00 'java/lang/invoke/LambdaForm$DMH+0x000000000ffb5c00'
Event: 2707.290 Thread 0x00000257f688d8f0 Unloading class 0x000000000ffb4000 'java/lang/invoke/LambdaForm$BMH+0x000000000ffb4000'
Event: 2707.290 Thread 0x00000257f688d8f0 Unloading class 0x000000000ffb2c00 'java/lang/invoke/LambdaForm$DMH+0x000000000ffb2c00'
Event: 2707.290 Thread 0x00000257f688d8f0 Unloading class 0x000000000ffb2400 'java/lang/invoke/LambdaForm$MH+0x000000000ffb2400'
Event: 2707.290 Thread 0x00000257f688d8f0 Unloading class 0x000000000ffb2000 'java/lang/invoke/LambdaForm$MH+0x000000000ffb2000'
Event: 2707.290 Thread 0x00000257f688d8f0 Unloading class 0x000000000ffb1c00 'java/lang/invoke/LambdaForm$MH+0x000000000ffb1c00'
Event: 2707.290 Thread 0x00000257f688d8f0 Unloading class 0x000000000ffb1800 'java/lang/invoke/LambdaForm$BMH+0x000000000ffb1800'
Event: 2707.290 Thread 0x00000257f688d8f0 Unloading class 0x000000000ffb1000 'java/lang/invoke/LambdaForm$DMH+0x000000000ffb1000'
Event: 2707.290 Thread 0x00000257f688d8f0 Unloading class 0x000000000ffafc00 'java/lang/invoke/LambdaForm$MH+0x000000000ffafc00'
Event: 2707.290 Thread 0x00000257f688d8f0 Unloading class 0x000000000ffaf800 'java/lang/invoke/LambdaForm$MH+0x000000000ffaf800'
Event: 2707.290 Thread 0x00000257f688d8f0 Unloading class 0x000000000ffaf400 'java/lang/invoke/LambdaForm$MH+0x000000000ffaf400'
Event: 2707.290 Thread 0x00000257f688d8f0 Unloading class 0x000000000ffae400 'java/lang/invoke/LambdaForm$MH+0x000000000ffae400'
Event: 2707.290 Thread 0x00000257f688d8f0 Unloading class 0x000000000ffae000 'java/lang/invoke/LambdaForm$MH+0x000000000ffae000'
Event: 2707.290 Thread 0x00000257f688d8f0 Unloading class 0x000000000ffad000 'java/lang/invoke/LambdaForm$MH+0x000000000ffad000'
Event: 2707.290 Thread 0x00000257f688d8f0 Unloading class 0x000000000ffacc00 'java/lang/invoke/LambdaForm$MH+0x000000000ffacc00'
Event: 2707.290 Thread 0x00000257f688d8f0 Unloading class 0x000000000ffac800 'java/lang/invoke/LambdaForm$MH+0x000000000ffac800'
Event: 2707.290 Thread 0x00000257f688d8f0 Unloading class 0x000000000ffac400 'java/lang/invoke/LambdaForm$DMH+0x000000000ffac400'
Event: 2707.290 Thread 0x00000257f688d8f0 Unloading class 0x000000000ffa9c00 'java/lang/invoke/LambdaForm$DMH+0x000000000ffa9c00'
Event: 2707.290 Thread 0x00000257f688d8f0 Unloading class 0x000000000ffa8800 'java/lang/invoke/LambdaForm$DMH+0x000000000ffa8800'
Event: 2707.290 Thread 0x00000257f688d8f0 Unloading class 0x000000000ffa7800 'java/lang/invoke/LambdaForm$DMH+0x000000000ffa7800'

Classes redefined (5 events):
Event: 2659.012 Thread 0x00000257f688d8f0 redefined class name=com.infinity.app.service.LoggedCallService, count=1
Event: 2710.562 Thread 0x00000257f688d8f0 redefined class name=com.infinity.app.service.LoggedCallService, count=2
Event: 2765.904 Thread 0x00000257f688d8f0 redefined class name=com.infinity.app.controller.LoggedCallController, count=1
Event: 2765.904 Thread 0x00000257f688d8f0 redefined class name=com.infinity.app.controller.LoggedCallController, count=1
Event: 2765.904 Thread 0x00000257f688d8f0 redefined class name=com.infinity.app.controller.LoggedCallController, count=1

Internal exceptions (20 events):
Event: 2718.609 Thread 0x00000257ff41ebb0 Exception <a 'java/io/FileNotFoundException'{0x000000008a502950}> (0x000000008a502950) 
thrown [s\open\src\hotspot\share\prims\jni.cpp, line 516]
Event: 2718.609 Thread 0x00000257ff41ebb0 Exception <a 'sun/nio/fs/WindowsException'{0x000000008a503970}> (0x000000008a503970) 
thrown [s\open\src\hotspot\share\prims\jni.cpp, line 516]
Event: 2718.609 Thread 0x00000257ff41ebb0 Exception <a 'java/io/FileNotFoundException'{0x000000008a5043b0}> (0x000000008a5043b0) 
thrown [s\open\src\hotspot\share\prims\jni.cpp, line 516]
Event: 2718.661 Thread 0x00000257ff41ebb0 Exception <a 'sun/nio/fs/WindowsException'{0x000000008a549360}> (0x000000008a549360) 
thrown [s\open\src\hotspot\share\prims\jni.cpp, line 516]
Event: 2718.661 Thread 0x00000257ff41ebb0 Exception <a 'java/io/FileNotFoundException'{0x000000008a549da0}> (0x000000008a549da0) 
thrown [s\open\src\hotspot\share\prims\jni.cpp, line 516]
Event: 2718.662 Thread 0x00000257ff41ebb0 Exception <a 'sun/nio/fs/WindowsException'{0x000000008a54adc0}> (0x000000008a54adc0) 
thrown [s\open\src\hotspot\share\prims\jni.cpp, line 516]
Event: 2718.662 Thread 0x00000257ff41ebb0 Exception <a 'java/io/FileNotFoundException'{0x000000008a54b800}> (0x000000008a54b800) 
thrown [s\open\src\hotspot\share\prims\jni.cpp, line 516]
Event: 2718.715 Thread 0x00000257ff41ebb0 Exception <a 'sun/nio/fs/WindowsException'{0x000000008a410718}> (0x000000008a410718) 
thrown [s\open\src\hotspot\share\prims\jni.cpp, line 516]
Event: 2718.716 Thread 0x00000257ff41ebb0 Exception <a 'java/io/FileNotFoundException'{0x000000008a411158}> (0x000000008a411158) 
thrown [s\open\src\hotspot\share\prims\jni.cpp, line 516]
Event: 2718.716 Thread 0x00000257ff41ebb0 Exception <a 'sun/nio/fs/WindowsException'{0x000000008a412178}> (0x000000008a412178) 
thrown [s\open\src\hotspot\share\prims\jni.cpp, line 516]
Event: 2718.716 Thread 0x00000257ff41ebb0 Exception <a 'java/io/FileNotFoundException'{0x000000008a412bb8}> (0x000000008a412bb8) 
thrown [s\open\src\hotspot\share\prims\jni.cpp, line 516]
Event: 2718.946 Thread 0x00000257fe93f800 Exception <a 'java/io/FileNotFoundException'{0x00000000ffdfa9c8}> (0x00000000ffdfa9c8) 
thrown [s\open\src\hotspot\share\prims\jni.cpp, line 516]
Event: 2718.946 Thread 0x00000257fe93f800 Exception <a 'java/io/FileNotFoundException'{0x00000000ffc06770}> (0x00000000ffc06770) 
thrown [s\open\src\hotspot\share\prims\jni.cpp, line 516]
Event: 2718.946 Thread 0x00000257fe93f800 Exception <a 'java/io/FileNotFoundException'{0x00000000ffc10a20}> (0x00000000ffc10a20) 
thrown [s\open\src\hotspot\share\prims\jni.cpp, line 516]
Event: 2718.946 Thread 0x00000257fe93f800 Exception <a 'java/io/FileNotFoundException'{0x00000000ffc1ad00}> (0x00000000ffc1ad00) 
thrown [s\open\src\hotspot\share\prims\jni.cpp, line 516]
Event: 2719.112 Thread 0x00000257fe93f800 Exception <a 'java/io/IOException'{0x000000008b4e5738}> (0x000000008b4e5738) 
thrown [s\open\src\hotspot\share\prims\jni.cpp, line 516]
Event: 2719.167 Thread 0x00000257fe93f800 Exception <a 'java/io/FileNotFoundException'{0x000000008ad7a8c8}> (0x000000008ad7a8c8) 
thrown [s\open\src\hotspot\share\prims\jni.cpp, line 516]
Event: 2719.168 Thread 0x00000257fe93f800 Exception <a 'java/io/FileNotFoundException'{0x000000008ad86770}> (0x000000008ad86770) 
thrown [s\open\src\hotspot\share\prims\jni.cpp, line 516]
Event: 2719.168 Thread 0x00000257fe93f800 Exception <a 'java/io/FileNotFoundException'{0x000000008ad90a20}> (0x000000008ad90a20) 
thrown [s\open\src\hotspot\share\prims\jni.cpp, line 516]
Event: 2719.168 Thread 0x00000257fe93f800 Exception <a 'java/io/FileNotFoundException'{0x000000008ad9ad00}> (0x000000008ad9ad00) 
thrown [s\open\src\hotspot\share\prims\jni.cpp, line 516]

VM Operations (20 events):
Event: 2765.871 Executing safepoint VM operation: RedefineClasses
Event: 2765.949 Executing safepoint VM operation: RedefineClasses done
Event: 2765.949 Executing non-safepoint VM operation: HandshakeAllThreads (HandshakeForDeflation)
Event: 2765.949 Executing non-safepoint VM operation: HandshakeAllThreads (HandshakeForDeflation) done
Event: 2765.949 Executing non-safepoint VM operation: RendezvousGCThreads
Event: 2765.949 Executing non-safepoint VM operation: RendezvousGCThreads done
Event: 2766.073 Executing safepoint VM operation: ChangeBreakpoints
Event: 2766.082 Executing safepoint VM operation: ChangeBreakpoints done
Event: 2766.083 Executing safepoint VM operation: ChangeBreakpoints
Event: 2766.086 Executing safepoint VM operation: ChangeBreakpoints done
Event: 2766.097 Executing safepoint VM operation: ChangeBreakpoints
Event: 2766.099 Executing safepoint VM operation: ChangeBreakpoints done
Event: 2766.100 Executing safepoint VM operation: ChangeBreakpoints
Event: 2766.102 Executing safepoint VM operation: ChangeBreakpoints done
Event: 2766.112 Executing safepoint VM operation: ChangeBreakpoints
Event: 2766.115 Executing safepoint VM operation: ChangeBreakpoints done
Event: 2766.115 Executing safepoint VM operation: ChangeBreakpoints
Event: 2766.118 Executing safepoint VM operation: ChangeBreakpoints done
Event: 2766.131 Executing safepoint VM operation: ChangeSingleStep
Event: 2766.131 Executing safepoint VM operation: ChangeSingleStep done

Memory protections (0 events):
No events

Nmethod flushes (20 events):
Event: 2718.151 Thread 0x00000257f688d8f0 flushing  nmethod 0x00000257ee979f08
Event: 2718.151 Thread 0x00000257f688d8f0 flushing  nmethod 0x00000257ee97a288
Event: 2718.151 Thread 0x00000257f688d8f0 flushing  nmethod 0x00000257ee9b5388
Event: 2718.151 Thread 0x00000257f688d8f0 flushing  nmethod 0x00000257ee9b5988
Event: 2718.151 Thread 0x00000257f688d8f0 flushing  nmethod 0x00000257ee9b6388
Event: 2718.151 Thread 0x00000257f688d8f0 flushing  nmethod 0x00000257ee9b7288
Event: 2718.151 Thread 0x00000257f688d8f0 flushing  nmethod 0x00000257ee9b7a88
Event: 2718.151 Thread 0x00000257f688d8f0 flushing  nmethod 0x00000257ee9b8d88
Event: 2718.151 Thread 0x00000257f688d8f0 flushing  nmethod 0x00000257ee9b9088
Event: 2718.151 Thread 0x00000257f688d8f0 flushing  nmethod 0x00000257ee9b9708
Event: 2718.151 Thread 0x00000257f688d8f0 flushing  nmethod 0x00000257ee9e2288
Event: 2718.151 Thread 0x00000257f688d8f0 flushing  nmethod 0x00000257ee9e2608
Event: 2718.151 Thread 0x00000257f688d8f0 flushing  nmethod 0x00000257ee9e2908
Event: 2718.151 Thread 0x00000257f688d8f0 flushing  nmethod 0x00000257ee9e2f08
Event: 2718.151 Thread 0x00000257f688d8f0 flushing  nmethod 0x00000257ee9e5288
Event: 2718.151 Thread 0x00000257f688d8f0 flushing  nmethod 0x00000257ee9e6a88
Event: 2718.151 Thread 0x00000257f688d8f0 flushing  nmethod 0x00000257ee9e7b08
Event: 2718.151 Thread 0x00000257f688d8f0 flushing  nmethod 0x00000257ee9e8188
Event: 2718.151 Thread 0x00000257f688d8f0 flushing  nmethod 0x00000257ee9e8488
Event: 2718.151 Thread 0x00000257f688d8f0 flushing  nmethod 0x00000257eea21108

Events (20 events):
Event: 2718.280 Thread 0x00000257ff41d440 Thread added: 0x00000257ff41ebb0
Event: 2719.159 Thread 0x00000257fe93f800 Thread added: 0x00000257ff41f380
Event: 2719.297 Thread 0x00000257fe93f800 Thread added: 0x00000257ff41c4a0
Event: 2719.297 Thread 0x00000257fe93f800 Thread added: 0x00000257ff420320
Event: 2719.297 Thread 0x00000257fe93f800 Thread added: 0x00000257ff420af0
Event: 2719.297 Thread 0x00000257fe93f800 Thread added: 0x00000257fc21c530
Event: 2719.297 Thread 0x00000257fe93f800 Thread added: 0x00000257fc21a5f0
Event: 2719.297 Thread 0x00000257fe93f800 Thread added: 0x00000257fc21e470
Event: 2719.297 Thread 0x00000257fe93f800 Thread added: 0x00000257fc21fbe0
Event: 2719.297 Thread 0x00000257fe93f800 Thread added: 0x00000257fc21f410
Event: 2719.297 Thread 0x00000257fe93f800 Thread added: 0x00000257fc2203b0
Event: 2719.297 Thread 0x00000257fe93f800 Thread added: 0x00000257fd2d7670
Event: 2719.301 Thread 0x00000257fe93f800 Thread added: 0x00000257fd2d8de0
Event: 2719.301 Thread 0x00000257fe93f800 Thread added: 0x00000257fd2dbcc0
Event: 2719.308 Thread 0x00000257fe93f800 Thread exited: 0x00000257fe93f800
Event: 2719.308 Thread 0x00000257ff422260 Thread exited: 0x00000257ff422260
Event: 2723.775 Thread 0x00000257ff41ebb0 Thread exited: 0x00000257ff41ebb0
Event: 2724.306 Thread 0x00000257fbdf1dd0 Thread exited: 0x00000257fbdf1dd0
Event: 2724.306 Thread 0x00000257fe4a03f0 Thread exited: 0x00000257fe4a03f0
Event: 2729.307 Thread 0x00000257fbdea4e0 Thread exited: 0x00000257fbdea4e0


Dynamic libraries:
0x00007ff6974c0000 - 0x00007ff6974ce000 	C:\Program Files\Java\jdk-25.0.2\bin\javaw.exe
0x00007fff4fe20000 - 0x00007fff50086000 	C:\WINDOWS\SYSTEM32\ntdll.dll
0x00007fff4f020000 - 0x00007fff4f0e9000 	C:\WINDOWS\System32\KERNEL32.DLL
0x00007fff4d030000 - 0x00007fff4d42f000 	C:\WINDOWS\System32\KERNELBASE.dll
0x00007fff4d9f0000 - 0x00007fff4db3c000 	C:\WINDOWS\System32\ucrtbase.dll
0x00007fff46fd0000 - 0x00007fff46fe7000 	C:\Program Files\Java\jdk-25.0.2\bin\jli.dll
0x00007fff4f7f0000 - 0x00007fff4f9b6000 	C:\WINDOWS\System32\USER32.dll
0x00007fff4d9c0000 - 0x00007fff4d9e7000 	C:\WINDOWS\System32\win32u.dll
0x00007fff26820000 - 0x00007fff26ab1000 	C:\WINDOWS\WinSxS\amd64_microsoft.windows.common-controls_6595b64144ccf1df_6.0.26100.8972_none_3e0da176e32f9d4b\COMCTL32.dll
0x00007fff4ecd0000 - 0x00007fff4ecfb000 	C:\WINDOWS\System32\GDI32.dll
0x00007fff4f2b0000 - 0x00007fff4f359000 	C:\WINDOWS\System32\msvcrt.dll
0x00007fff4d890000 - 0x00007fff4d9b9000 	C:\WINDOWS\System32\gdi32full.dll
0x00007fff3a240000 - 0x00007fff3a25e000 	C:\Program Files\Java\jdk-25.0.2\bin\VCRUNTIME140.dll
0x00007fff4d590000 - 0x00007fff4d633000 	C:\WINDOWS\System32\msvcp_win.dll
0x00007fff4f3f0000 - 0x00007fff4f422000 	C:\WINDOWS\System32\IMM32.DLL
0x00007fff44f60000 - 0x00007fff44f6c000 	C:\Program Files\Java\jdk-25.0.2\bin\vcruntime140_1.dll
0x00007fff14d40000 - 0x00007fff14dcd000 	C:\Program Files\Java\jdk-25.0.2\bin\msvcp140.dll
0x00007ffe868b0000 - 0x00007ffe8770f000 	C:\Program Files\Java\jdk-25.0.2\bin\server\jvm.dll
0x00007fff4ef50000 - 0x00007fff4f00c000 	C:\WINDOWS\System32\ADVAPI32.dll
0x00007fff4f730000 - 0x00007fff4f7da000 	C:\WINDOWS\System32\sechost.dll
0x00007fff4f430000 - 0x00007fff4f548000 	C:\WINDOWS\System32\RPCRT4.dll
0x00007fff4f360000 - 0x00007fff4f3e2000 	C:\WINDOWS\System32\WS2_32.dll
0x00007fff439e0000 - 0x00007fff43a16000 	C:\WINDOWS\SYSTEM32\WINMM.dll
0x00007fff37280000 - 0x00007fff3728b000 	C:\WINDOWS\SYSTEM32\VERSION.dll
0x00007fff4ceb0000 - 0x00007fff4cf0e000 	C:\WINDOWS\SYSTEM32\POWRPROF.dll
0x00007fff4ce90000 - 0x00007fff4cea5000 	C:\WINDOWS\SYSTEM32\UMPDC.dll
0x00007fff4bce0000 - 0x00007fff4bcfb000 	C:\WINDOWS\SYSTEM32\kernel.appcore.dll
0x00007fff42b30000 - 0x00007fff42b3a000 	C:\Program Files\Java\jdk-25.0.2\bin\jimage.dll
0x00007fff4a770000 - 0x00007fff4a9b2000 	C:\WINDOWS\SYSTEM32\DBGHELP.DLL
0x00007fff4fa50000 - 0x00007fff4fdd5000 	C:\WINDOWS\System32\combase.dll
0x00007fff4ddd0000 - 0x00007fff4dea9000 	C:\WINDOWS\System32\OLEAUT32.dll
0x00007fff2ce20000 - 0x00007fff2ce5b000 	C:\WINDOWS\SYSTEM32\dbgcore.DLL
0x00007fff4d7d0000 - 0x00007fff4d87c000 	C:\WINDOWS\System32\bcryptPrimitives.dll
0x00007fff2de80000 - 0x00007fff2debd000 	C:\Program Files\Java\jdk-25.0.2\bin\jdwp.dll
0x00007fff42580000 - 0x00007fff42590000 	C:\Program Files\Java\jdk-25.0.2\bin\instrument.dll
0x00007fff2ab40000 - 0x00007fff2ab5f000 	C:\Program Files\Java\jdk-25.0.2\bin\java.dll
0x00007fff4ed80000 - 0x00007fff4ef19000 	C:\WINDOWS\System32\ole32.dll
0x00007fff4deb0000 - 0x00007fff4e638000 	C:\WINDOWS\System32\SHELL32.dll
0x00007fff4aaa0000 - 0x00007fff4b33b000 	C:\WINDOWS\SYSTEM32\windows.storage.dll
0x00007fff4f0f0000 - 0x00007fff4f1e9000 	C:\WINDOWS\System32\SHCORE.dll
0x00007fff4f1f0000 - 0x00007fff4f256000 	C:\WINDOWS\System32\shlwapi.dll
0x00007fff4cf50000 - 0x00007fff4cf79000 	C:\WINDOWS\SYSTEM32\profapi.dll
0x00007fff42400000 - 0x00007fff4240c000 	C:\Program Files\Java\jdk-25.0.2\bin\dt_socket.dll
0x00007fff4b690000 - 0x00007fff4b6c3000 	C:\WINDOWS\SYSTEM32\IPHLPAPI.DLL
0x00007fff4c270000 - 0x00007fff4c2dc000 	C:\WINDOWS\system32\mswsock.dll
0x00007fff4b6d0000 - 0x00007fff4b828000 	C:\WINDOWS\SYSTEM32\DNSAPI.dll
0x00007fff4c090000 - 0x00007fff4c09d000 	C:\WINDOWS\SYSTEM32\DSPARSE.dll
0x00007fff4f7e0000 - 0x00007fff4f7ea000 	C:\WINDOWS\System32\NSI.dll
0x00007fff41f50000 - 0x00007fff41f5b000 	C:\Windows\System32\rasadhlp.dll
0x00007fff43800000 - 0x00007fff43886000 	C:\WINDOWS\System32\fwpuclnt.dll
0x00007fff2ab20000 - 0x00007fff2ab37000 	C:\Program Files\Java\jdk-25.0.2\bin\zip.dll
0x00007fff2aac0000 - 0x00007fff2aad2000 	C:\Program Files\Java\jdk-25.0.2\bin\net.dll
0x00007fff2a9e0000 - 0x00007fff2a9f6000 	C:\Program Files\Java\jdk-25.0.2\bin\nio.dll
0x00007fff42350000 - 0x00007fff4235a000 	C:\Program Files\Java\jdk-25.0.2\bin\management.dll
0x00007fff3a470000 - 0x00007fff3a47c000 	C:\Program Files\Java\jdk-25.0.2\bin\management_ext.dll
0x00007fff4dcc0000 - 0x00007fff4dcc8000 	C:\WINDOWS\System32\PSAPI.DLL
0x00007fff1eeb0000 - 0x00007fff1eec8000 	C:\WINDOWS\system32\napinsp.dll
0x00007fff1c770000 - 0x00007fff1c783000 	C:\WINDOWS\System32\winrnr.dll
0x00007fff1c740000 - 0x00007fff1c762000 	C:\WINDOWS\system32\nlansp_c.dll
0x00007fff3f5f0000 - 0x00007fff3f606000 	C:\WINDOWS\system32\wshbth.dll
0x00007fff4c690000 - 0x00007fff4c6ab000 	C:\WINDOWS\SYSTEM32\CRYPTSP.dll
0x00007fff4bc40000 - 0x00007fff4bc79000 	C:\WINDOWS\system32\rsaenh.dll
0x00007fff4c320000 - 0x00007fff4c352000 	C:\WINDOWS\SYSTEM32\USERENV.dll
0x00007fff4cf20000 - 0x00007fff4cf4a000 	C:\WINDOWS\SYSTEM32\bcrypt.dll
0x00007fff4c4d0000 - 0x00007fff4c4dc000 	C:\WINDOWS\SYSTEM32\CRYPTBASE.dll
0x00007fff2ab90000 - 0x00007fff2ab99000 	C:\Program Files\Java\jdk-25.0.2\bin\extnet.dll
0x00007fff2aa90000 - 0x00007fff2aaa0000 	C:\Program Files\Java\jdk-25.0.2\bin\verify.dll
0x00007fff2a9d0000 - 0x00007fff2a9de000 	C:\Program Files\Java\jdk-25.0.2\bin\sunmscapi.dll
0x00007fff4d640000 - 0x00007fff4d7be000 	C:\WINDOWS\System32\CRYPT32.dll
0x00007fff4c800000 - 0x00007fff4c830000 	C:\WINDOWS\SYSTEM32\ncrypt.dll
0x00007fff4c7b0000 - 0x00007fff4c7ef000 	C:\WINDOWS\SYSTEM32\NTASN1.dll
0x00007fff17be0000 - 0x00007fff17be8000 	C:\WINDOWS\system32\wshunix.dll
0x00007ffec5bf0000 - 0x00007ffec5d73000 	C:\Program Files\Java\jdk-25.0.2\bin\awt.dll
0x00007fff47100000 - 0x00007fff4719f000 	C:\WINDOWS\SYSTEM32\apphelp.dll
0x00007ffedcc60000 - 0x00007ffedcce7000 	C:\Program Files\Java\jdk-25.0.2\bin\freetype.dll
0x00007ffedba10000 - 0x00007ffedbafe000 	C:\Program Files\Java\jdk-25.0.2\bin\fontmanager.dll
0x00007fff42480000 - 0x00007fff42489000 	C:\Program Files\Java\jdk-25.0.2\bin\syslookup.dll

JVMTI agents:
jdwp path:C:\Program Files\Java\jdk-25.0.2\bin\jdwp.dll, loaded, initialized, options:transport=dt_socket,suspend=y,address=localhost:51075
C:\Users\Ikenna Shonowo\Documents\sts-4.31.0.RELEASE\configuration\org.eclipse.osgi\784\0\.cp\lib\javaagent-shaded.jar path:C:\Program Files\Java\jdk-25.0.2\bin\instrument.dll, loaded, initialized, instrumentlib options:none

dbghelp: loaded successfully - version: 4.0.5 - missing functions: none
symbol engine: initialized successfully - sym options: 0x614 - pdb path: .;C:\Program Files\Java\jdk-25.0.2\bin;C:\WINDOWS\SYSTEM32;C:\WINDOWS\WinSxS\amd64_microsoft.windows.common-controls_6595b64144ccf1df_6.0.26100.8972_none_3e0da176e32f9d4b;C:\Program Files\Java\jdk-25.0.2\bin\server

VM Arguments:
jvm_args: -XX:+ShowCodeDetailsInExceptionMessages -agentlib:jdwp=transport=dt_socket,suspend=y,address=localhost:51075 -Dcom.sun.management.jmxremote -Dcom.sun.management.jmxremote.port=50590 -Dcom.sun.management.jmxremote.authenticate=false -Dcom.sun.management.jmxremote.ssl=false -Djava.rmi.server.hostname=localhost -Dspring.jmx.enabled=true -Dmanagement.endpoints.jmx.exposure.include=* -Dspring.application.admin.enabled=true -Dspring.output.ansi.enabled=always -XX:TieredStopAtLevel=1 -Dspring.boot.project.name=AtmLoggerSpringBootSSO -javaagent:C:\Users\Ikenna Shonowo\Documents\sts-4.31.0.RELEASE\configuration\org.eclipse.osgi\784\0\.cp\lib\javaagent-shaded.jar -Dfile.encoding=UTF-8 -Dstdout.encoding=UTF-8 -Dstderr.encoding=UTF-8 
java_command: com.infinity.app.AtmIssueLoggerApplication
java_class_path (initial): C:\Users\Ikenna Shonowo\Documents\Projects\SpringBoot\AtmLoggerSpringBootSSO\target\classes;C:\Users\Ikenna Shonowo\.m2\repository\org\springframework\boot\spring-boot-starter-security\4.1.0\spring-boot-starter-security-4.1.0.jar;C:\Users\Ikenna Shonowo\.m2\repository\org\springframework\boot\spring-boot-starter\4.1.0\spring-boot-starter-4.1.0.jar;C:\Users\Ikenna Shonowo\.m2\repository\org\springframework\boot\spring-boot-starter-logging\4.1.0\spring-boot-starter-logging-4.1.0.jar;C:\Users\Ikenna Shonowo\.m2\repository\ch\qos\logback\logback-classic\1.5.34\logback-classic-1.5.34.jar;C:\Users\Ikenna Shonowo\.m2\repository\ch\qos\logback\logback-core\1.5.34\logback-core-1.5.34.jar;C:\Users\Ikenna Shonowo\.m2\repository\org\apache\logging\log4j\log4j-to-slf4j\2.25.4\log4j-to-slf4j-2.25.4.jar;C:\Users\Ikenna Shonowo\.m2\repository\org\slf4j\jul-to-slf4j\2.0.18\jul-to-slf4j-2.0.18.jar;C:\Users\Ikenna Shonowo\.m2\repository\jakarta\annotation\jakarta.annotation-api\3.0.0\jakarta.annotation-api-3.0.0.jar;C:\Users\Ikenna Shonowo\.m2\repository\org\yaml\snakeyaml\2.6\snakeyaml-2.6.jar;C:\Users\Ikenna Shonowo\.m2\repository\org\springframework\boot\spring-boot-security\4.1.0\spring-boot-security-4.1.0.jar;C:\Users\Ikenna Shonowo\.m2\repository\org\springframework\security\spring-security-config\7.1.0\spring-security-config-7.1.0.jar;C:\Users\Ikenna Shonowo\.m2\repository\org\springframework\security\spring-security-web\7.1.0\spring-security-web-7.1.0.jar;C:\Users\Ikenna Shonowo\.m2\repository\org\springframework\spring-aop\7.0.8\spring-aop-7.0.8.jar;C:\Users\Ikenna Shonowo\.m2\repository\org\springframework\boot\spring-boot-starter-data-ldap\4.1.0\spring-boot-starter-data-ldap-4.1.0.jar;C:\Users\Ikenna Shonowo\.m2\repository\org\springframework\boot\spring-boot-data-ldap\4.1.0\spring-boot-data-ldap-4.1.0.jar;C:\Users\Ikenna Shonowo\.m2\repository\org\springframework\boot\spring-boot-data-commons\4.1.0\spring-boot-data-commons-4.1.0.jar;C:\Users\Ikenna Shonowo\.m2\repository\org\springframework\boot\spring-boot-persistence\4.1.0\spring-boot-persistence-4.1.0.jar;C:\Users\Ikenna Shonowo\.m2\repository\org\springframework\data\spring-data-commons\4.1.0\spring-data-commons-4.1.0.jar;C:\Users\Ikenna Shonowo\.m2\repository\org\springframework\boot\spring-boot-transaction\4.1.0\spring-boot-transaction-4.1.0.jar;C:\Users\Ikenna Shonowo\.m2\repository\org\springframework\data\spring-data-ldap\4.1.0\spring-data-ldap-4.1.0.jar;C:\Users\Ikenna Shonowo\.m2\repository\org\springframework\boot\spring-boot-ldap\4.1.0\spring-boot-ldap-4.1.0.jar;C:\Users\Ikenna Shonowo\.m2\repository\org\springframework\boot\spring-boot-starter-validation\4.1.0\spring-boot-starter-validation-4.1.0.jar;C:\Users\Ikenna Shonowo\.m2\repository\org\springframework\boot\spring-boot-validation\4.1.0\spring-boot-validation-4.1.0.jar;C:\Users\Ikenna Shonowo\.m2\repository\org\apache\tomcat\embed\tomcat-embed-el\11.0.22\tomcat-embed-el-11.0.22.jar;C:\Users\Ikenna Shonowo\.m2\repository\org\hibernate\validator\hibernate-validator\9.1.0.Final\hibernate-validator-9.1.0.Final.jar;C:\Users\Ikenna Shonowo\.m2\repository\jakarta\validation\jakarta.validation-api\3.1.1\jakarta.validation-api-3.1.1.jar;C:\Users\Ikenna Shonowo\.m2\repository\org\jboss\logging\jboss-logging\3.6.3.Final\jboss-logging-3.6.3.Final.jar;C:\Users\Ikenna Shonowo\.m2\repository\com\fasterxml\classmate\1.7.3\classmate-1.7.3.jar;C:\Users\Ikenna Shonowo\.m2\repository\org\springframework\boot\spring-boot-starter-webmvc\4.1.0\spring-boot-starter-webmvc-4.1.0.jar;C:\Users\Ikenna Shonowo\.m2\repository\org\springframework\boot\spring-boot-starter-jackson\4.1.0\spring-boot-starter-jackson-4.1.0.jar;C:\Users\Ikenna Shonowo\.m2\repository\org\springframework\boot\spring-boot-jackson\4.1.0\spring-boot-jackson-4.1.0.jar;C:\Users\Ikenna Shonowo\.m2\repository\tools\jackson\core\jackson-databind\3.1.4\jackson-databind-3.1.4.jar;C:\Users\Ikenna Shonowo\.m2\repository\tools\jackson\core\jackson-core\3.1.4\jackson-core-3.1.4.jar;C:\Users\Ikenna Shonowo\.m2\repository\org\springframework\boot\spring-boot-starter-tomcat\4.1.0\spring-boot-starter-tomcat-4.1.0.jar;C:\Users\Ikenna Shonowo\.m2\repository\org\springframework\boot\spring-boot-starter-tomcat-runtime\4.1.0\spring-boot-starter-tomcat-runtime-4.1.0.jar;C:\Users\Ikenna Shonowo\.m2\repository\org\springframework\boot\spring-boot-web-server\4.1.0\spring-boot-web-server-4.1.0.jar;C:\Users\Ikenna Shonowo\.m2\repository\org\apache\tomcat\embed\tomcat-embed-core\11.0.22\tomcat-embed-core-11.0.22.jar;C:\Users\Ikenna Shonowo\.m2\repository\org\apache\tomcat\embed\tomcat-embed-websocket\11.0.22\tomcat-embed-websocket-11.0.22.jar;C:\Users\Ikenna Shonowo\.m2\repository\org\springframework\boot\spring-boot-tomcat\4.1.0\spring-boot-tomcat-4.1.0.jar;C:\Users\Ikenna Shonowo\.m2\repository\org\springframework\boot\spring-boot-http-converter\4.1.0\spring-boot-http-converter-4.1.0.jar;C:\Users\Ikenna Shonowo\.m2\repository\org\springframework\spring-web\7.0.8\spring-web-7.0.8.jar;C:\Users\Ikenna Shonowo\.m2\repository\org\springframework\boot\spring-boot-webmvc\4.1.0\spring-boot-webmvc-4.1.0.jar;C:\Users\Ikenna Shonowo\.m2\repository\org\springframework\boot\spring-boot-servlet\4.1.0\spring-boot-servlet-4.1.0.jar;C:\Users\Ikenna Shonowo\.m2\repository\org\springframework\spring-webmvc\7.0.8\spring-webmvc-7.0.8.jar;C:\Users\Ikenna Shonowo\.m2\repository\org\springframework\boot\spring-boot-devtools\4.1.0\spring-boot-devtools-4.1.0.jar;C:\Users\Ikenna Shonowo\.m2\repository\org\springframework\boot\spring-boot\4.1.0\spring-boot-4.1.0.jar;C:\Users\Ikenna Shonowo\.m2\repository\org\springframework\boot\spring-boot-autoconfigure\4.1.0\spring-boot-autoconfigure-4.1.0.jar;C:\Users\Ikenna Shonowo\.m2\repository\org\springframework\security\spring-security-ldap\7.1.0\spring-security-ldap-7.1.0.jar;C:\Users\Ikenna Shonowo\.m2\repository\org\springframework\security\spring-security-core\7.1.0\spring-security-core-7.1.0.jar;C:\Users\Ikenna Shonowo\.m2\repository\org\springframework\security\spring-security-crypto\7.1.0\spring-security-crypto-7.1.0.jar;C:\Users\Ikenna Shonowo\.m2\repository\org\springframework\spring-expression\7.0.8\spring-expression-7.0.8.jar;C:\Users\Ikenna Shonowo\.m2\repository\io\micrometer\micrometer-observation\1.17.0\micrometer-observation-1.17.0.jar;C:\Users\Ikenna Shonowo\.m2\repository\io\micrometer\micrometer-commons\1.17.0\micrometer-commons-1.17.0.jar;C:\Users\Ikenna Shonowo\.m2\repository\org\springframework\spring-beans\7.0.8\spring-beans-7.0.8.jar;C:\Users\Ikenna Shonowo\.m2\repository\org\springframework\spring-context\7.0.8\spring-context-7.0.8.jar;C:\Users\Ikenna Shonowo\.m2\repository\org\springframework\spring-core\7.0.8\spring-core-7.0.8.jar;C:\Users\Ikenna Shonowo\.m2\repository\commons-logging\commons-logging\1.3.6\commons-logging-1.3.6.jar;C:\Users\Ikenna Shonowo\.m2\repository\org\jspecify\jspecify\1.0.0\jspecify-1.0.0.jar;C:\Users\Ikenna Shonowo\.m2\repository\org\springframework\spring-tx\7.0.8\spring-tx-7.0.8.jar;C:\Users\Ikenna Shonowo\.m2\repository\org\springframework\ldap\spring-ldap-core\4.1.0\spring-ldap-core-4.1.0.jar;C:\Users\Ikenna Shonowo\.m2\repository\io\micrometer\micrometer-core\1.17.0\micrometer-core-1.17.0.jar;C:\Users\Ikenna Shonowo\.m2\repository\org\hdrhistogram\HdrHistogram\2.2.2\HdrHistogram-2.2.2.jar;C:\Users\Ikenna Shonowo\.m2\repository\org\slf4j\slf4j-api\2.0.18\slf4j-api-2.0.18.jar;C:\Users\Ikenna Shonowo\.m2\repository\org\json\json\20180130\json-20180130.jar;C:\Users\Ikenna Shonowo\.m2\repository\com\microsoft\sqlserver\mssql-jdbc\13.4.0.jre11\mssql-jdbc-13.4.0.jre11.jar;C:\Users\Ikenna Shonowo\.m2\repository\org\springframework\boot\spring-boot-starter-mail\4.1.0\spring-boot-starter-mail-4.1.0.jar;C:\Users\Ikenna Shonowo\.m2\repository\org\springframework\boot\spring-boot-mail\4.1.0\spring-boot-mail-4.1.0.jar;C:\Users\Ikenna Shonowo\.m2\repository\org\springframework\spring-context-support\7.0.8\spring-context-support-7.0.8.jar;C:\Users\Ikenna Shonowo\.m2\repository\jakarta\mail\jakarta.mail-api\2.1.5\jakarta.mail-api-2.1.5.jar;C:\Users\Ikenna Shonowo\.m2\repository\org\eclipse\angus\angus-mail\2.0.5\angus-mail-2.0.5.jar;C:\Users\Ikenna Shonowo\.m2\repository\org\eclipse\angus\angus-activation\2.0.3\angus-activation-2.0.3.jar;C:\Users\Ikenna Shonowo\.m2\repository\org\springframework\boot\spring-boot-starter-freemarker\4.1.0\spring-boot-starter-freemarker-4.1.0.jar;C:\Users\Ikenna Shonowo\.m2\repository\org\springframework\boot\spring-boot-freemarker\4.1.0\spring-boot-freemarker-4.1.0.jar;C:\Users\Ikenna Shonowo\.m2\repository\org\freemarker\freemarker\2.3.34\freemarker-2.3.34.jar;C:\Users\Ikenna Shonowo\.m2\repository\org\springframework\boot\spring-boot-starter-data-jpa\4.1.0\spring-boot-starter-data-jpa-4.1.0.jar;C:\Users\Ikenna Shonowo\.m2\repository\org\springframework\boot\spring-boot-starter-jdbc\4.1.0\spring-boot-starter-jdbc-4.1.0.jar;C:\Users\Ikenna Shonowo\.m2\repository\com\zaxxer\HikariCP\7.0.2\HikariCP-7.0.2.jar;C:\Users\Ikenna Shonowo\.m2\repository\org\springframework\boot\spring-boot-data-jpa\4.1.0\spring-boot-data-jpa-4.1.0.jar;C:\Users\Ikenna Shonowo\.m2\repository\org\springframework\boot\spring-boot-hibernate\4.1.0\spring-boot-hibernate-4.1.0.jar;C:\Users\Ikenna Shonowo\.m2\repository\org\springframework\boot\spring-boot-jpa\4.1.0\spring-boot-jpa-4.1.0.jar;C:\Users\Ikenna Shonowo\.m2\repository\jakarta\persistence\jakarta.persistence-api\3.2.0\jakarta.persistence-api-3.2.0.jar;C:\Users\Ikenna Shonowo\.m2\repository\org\hibernate\orm\hibernate-core\7.4.1.Final\hibernate-core-7.4.1.Final.jar;C:\Users\Ikenna Shonowo\.m2\repository\jakarta\transaction\jakarta.transaction-api\2.0.1\jakarta.transaction-api-2.0.1.jar;C:\Users\Ikenna Shonowo\.m2\repository\org\hibernate\models\hibernate-models\1.1.1\hibernate-models-1.1.1.jar;C:\Users\Ikenna Shonowo\.m2\repository\org\glassfish\jaxb\jaxb-runtime\4.0.9\jaxb-runtime-4.0.9.jar;C:\Users\Ikenna Shonowo\.m2\repository\org\glassfish\jaxb\jaxb-core\4.0.9\jaxb-core-4.0.9.jar;C:\Users\Ikenna Shonowo\.m2\repository\org\glassfish\jaxb\txw2\4.0.9\txw2-4.0.9.jar;C:\Users\Ikenna Shonowo\.m2\repository\com\sun\istack\istack-commons-runtime\4.1.2\istack-commons-runtime-4.1.2.jar;C:\Users\Ikenna Shonowo\.m2\repository\jakarta\inject\jakarta.inject-api\2.0.1\jakarta.inject-api-2.0.1.jar;C:\Users\Ikenna Shonowo\.m2\repository\org\springframework\spring-orm\7.0.8\spring-orm-7.0.8.jar;C:\Users\Ikenna Shonowo\.m2\repository\org\springframework\data\spring-data-jpa\4.1.0\spring-data-jpa-4.1.0.jar;C:\Users\Ikenna Shonowo\.m2\repository\org\antlr\antlr4-runtime\4.13.2\antlr4-runtime-4.13.2.jar;C:\Users\Ikenna Shonowo\.m2\repository\org\springframework\spring-aspects\7.0.8\spring-aspects-7.0.8.jar;C:\Users\Ikenna Shonowo\.m2\repository\org\aspectj\aspectjweaver\1.9.25.1\aspectjweaver-1.9.25.1.jar;C:\Users\Ikenna Shonowo\.m2\repository\org\springframework\boot\spring-boot-jdbc\4.1.0\spring-boot-jdbc-4.1.0.jar;C:\Users\Ikenna Shonowo\.m2\repository\org\springframework\boot\spring-boot-sql\4.1.0\spring-boot-sql-4.1.0.jar;C:\Users\Ikenna Shonowo\.m2\repository\org\springframework\spring-jdbc\7.0.8\spring-jdbc-7.0.8.jar;C:\Users\Ikenna Shonowo\.m2\repository\com\google\guava\guava\28.1-jre\guava-28.1-jre.jar;C:\Users\Ikenna Shonowo\.m2\repository\com\google\guava\failureaccess\1.0.1\failureaccess-1.0.1.jar;C:\Users\Ikenna Shonowo\.m2\repository\com\google\guava\listenablefuture\9999.0-empty-to-avoid-conflict-with-guava\listenablefuture-9999.0-empty-to-avoid-conflict-with-guava.jar;C:\Users\Ikenna Shonowo\.m2\repository\com\google\code\findbugs\jsr305\3.0.2\jsr305-3.0.2.jar;C:\Users\Ikenna Shonowo\.m2\repository\org\checkerframework\checker-qual\2.8.1\checker-qual-2.8.1.jar;C:\Users\Ikenna Shonowo\.m2\repository\com\google\errorprone\error_prone_annotations\2.3.2\error_prone_annotations-2.3.2.jar;C:\Users\Ikenna Shonowo\.m2\repository\com\google\j2objc\j2objc-annotations\1.3\j2objc-annotations-1.3.jar;C:\Users\Ikenna Shonowo\.m2\repository\org\codehaus\mojo\animal-sniffer-annotations\1.18\animal-sniffer-annotations-1.18.jar;C:\Users\Ikenna Shonowo\.m2\repository\jakarta\xml\bind\jakarta.xml.bind-api\4.0.5\jakarta.xml.bind-api-4.0.5.jar;C:\Users\Ikenna Shonowo\.m2\repository\jakarta\activation\jakarta.activation-api\2.1.4\jakarta.activation-api-2.1.4.jar;C:\Users\Ikenna Shonowo\.m2\repository\net\bytebuddy\byte-buddy\1.18.10\byte-buddy-1.18.10.jar;C:\Users\Ikenna Shonowo\.m2\repository\org\apache\poi\poi-ooxml\5.2.5\poi-ooxml-5.2.5.jar;C:\Users\Ikenna Shonowo\.m2\repository\org\apache\poi\poi\5.2.5\poi-5.2.5.jar;C:\Users\Ikenna Shonowo\.m2\repository\commons-codec\commons-codec\1.21.0\commons-codec-1.21.0.jar;C:\Users\Ikenna Shonowo\.m2\repository\org\apache\commons\commons-math3\3.6.1\commons-math3-3.6.1.jar;C:\Users\Ikenna Shonowo\.m2\repository\com\zaxxer\SparseBitSet\1.3\SparseBitSet-1.3.jar;C:\Users\Ikenna Shonowo\.m2\repository\org\apache\poi\poi-ooxml-lite\5.2.5\poi-ooxml-lite-5.2.5.jar;C:\Users\Ikenna Shonowo\.m2\repository\org\apache\xmlbeans\xmlbeans\5.2.0\xmlbeans-5.2.0.jar;C:\Users\Ikenna Shonowo\.m2\repository\org\apache\commons\commons-compress\1.25.0\commons-compress-1.25.0.jar;C:\Users\Ikenna Shonowo\.m2\repository\commons-io\commons-io\2.15.0\commons-io-2.15.0.jar;C:\Users\Ikenna Shonowo\.m2\repository\com\github\virtuald\curvesapi\1.08\curvesapi-1.08.jar;C:\Users\Ikenna Shonowo\.m2\repository\org\apache\logging\log4j\log4j-api\2.25.4\log4j-api-2.25.4.jar;C:\Users\Ikenna Shonowo\.m2\repository\org\apache\commons\commons-collections4\4.4\commons-collections4-4.4.jar;C:\Users\Ikenna Shonowo\.m2\repository\io\jsonwebtoken\jjwt-api\0.12.6\jjwt-api-0.12.6.jar;C:\Users\Ikenna Shonowo\.m2\repository\io\jsonwebtoken\jjwt-impl\0.12.6\jjwt-impl-0.12.6.jar;C:\Users\Ikenna Shonowo\.m2\repository\io\jsonwebtoken\jjwt-jackson\0.12.6\jjwt-jackson-0.12.6.jar;C:\Users\Ikenna Shonowo\.m2\repository\com\fasterxml\jackson\core\jackson-databind\2.21.4\jackson-databind-2.21.4.jar;C:\Users\Ikenna Shonowo\.m2\repository\com\fasterxml\jackson\core\jackson-annotations\2.21\jackson-annotations-2.21.jar;C:\Users\Ikenna Shonowo\.m2\repository\com\fasterxml\jackson\core\jackson-core\2.21.4\jackson-core-2.21.4.jar
Launcher Type: SUN_STANDARD

[Global flags]
     intx CICompilerCount                          = 4                                         {product} {ergonomic}
     uint ConcGCThreads                            = 3                                         {product} {ergonomic}
     uint G1ConcRefinementThreads                  = 10                                        {product} {ergonomic}
   size_t G1HeapRegionSize                         = 1048576                                   {product} {ergonomic}
   size_t InitialHeapSize                          = 130023424                                 {product} {ergonomic}
     bool ManagementServer                         = true                                      {product} {command line}
   size_t MarkStackSize                            = 4194304                                   {product} {ergonomic}
   size_t MarkStackSizeMax                         = 536870912                                 {product} {ergonomic}
   size_t MaxHeapSize                              = 2061500416                                {product} {ergonomic}
   size_t MaxNewSize                               = 1236271104                                {product} {ergonomic}
   size_t MinHeapDeltaBytes                        = 1048576                                   {product} {ergonomic}
   size_t MinHeapSize                              = 8388608                                   {product} {ergonomic}
    uintx NonNMethodCodeHeapSize                   = 4096                                   {pd product} {ergonomic}
    uintx NonProfiledCodeHeapSize                  = 0                                      {pd product} {ergonomic}
     bool ProfileInterpreter                       = false                                  {pd product} {command line}
    uintx ProfiledCodeHeapSize                     = 0                                      {pd product} {ergonomic}
     bool ShowCodeDetailsInExceptionMessages       = true                                   {manageable} {command line}
   size_t SoftMaxHeapSize                          = 2061500416                             {manageable} {ergonomic}
     intx TieredStopAtLevel                        = 1                                         {product} {command line}
     bool UseCompressedOops                        = true                           {product lp64_product} {ergonomic}
     bool UseG1GC                                  = true                                      {product} {ergonomic}
     bool UseLargePagesIndividualAllocation        = false                                  {pd product} {ergonomic}

Logging:
Log output configuration:
 #0: stdout all=warning uptime,level,tags foldmultilines=false
 #1: stderr all=off uptime,level,tags foldmultilines=false

Release file:
IMPLEMENTOR="Oracle Corporation" 
JAVA_RUNTIME_VERSION="25.0.2+10-69" 
JAVA_VERSION="25.0.2" 
JAVA_VERSION_DATE="2026-01-20" 
LIBC="default" 
MODULES="java.base java.compiler java.datatransfer java.xml java.prefs java.desktop java.instrument java.logging java.management java.security.sasl java.naming java.rmi java.management.rmi java.net.http java.scripting java.security.jgss java.transaction.xa java.sql java.sql.rowset java.xml.crypto java.se java.smartcardio jdk.accessibility jdk.internal.jvmstat jdk.attach jdk.charsets jdk.internal.opt jdk.zipfs jdk.compiler jdk.crypto.cryptoki jdk.crypto.ec jdk.crypto.mscapi jdk.dynalink jdk.internal.ed jdk.editpad jdk.internal.vm.ci jdk.graal.compiler jdk.graal.compiler.management jdk.hotspot.agent jdk.httpserver jdk.incubator.vector jdk.internal.le jdk.internal.md jdk.jartool jdk.javadoc jdk.jcmd jdk.management jdk.management.agent jdk.jconsole jdk.jdeps jdk.jdwp.agent jdk.jdi jdk.jfr jdk.jlink jdk.jpackage jdk.jshell jdk.jsobject jdk.jstatd jdk.localedata jdk.management.jfr jdk.naming.dns jdk.naming.rmi jdk.net jdk.nio.mapmode jdk.sctp jdk.security.auth jdk.security.jgss jdk.unsupported jdk.unsupported.desktop jdk.xml.dom" 
OS_ARCH="x86_64" 
OS_NAME="Windows" 
SOURCE=".:git:405a5699ebd0" 

Environment Variables:
JAVA_HOME=C:\Program Files\Java\jdk-25.0.2
PATH=C:/Users/Ikenna Shonowo/Documents/sts-4.31.0.RELEASE//plugins/org.eclipse.justj.openjdk.hotspot.jre.full.win32.x86_64_21.0.7.v20250502-0916/jre/bin/server;C:/Users/Ikenna Shonowo/Documents/sts-4.31.0.RELEASE//plugins/org.eclipse.justj.openjdk.hotspot.jre.full.win32.x86_64_21.0.7.v20250502-0916/jre/bin;C:\Program Files\Eclipse Adoptium\jdk-11.0.32.9-hotspot\bin;C:\WINDOWS\system32;C:\WINDOWS;C:\WINDOWS\System32\Wbem;C:\WINDOWS\System32\WindowsPowerShell\v1.0\;C:\WINDOWS\System32\OpenSSH\;C:\Program Files\nodejs\;C:\Program Files (x86)\Microsoft SQL Server\160\Tools\Binn\;C:\Program Files\Microsoft SQL Server\160\Tools\Binn\;C:\Program Files\Microsoft SQL Server\Client SDK\ODBC\170\Tools\Binn\;C:\Program Files\Microsoft SQL Server\160\DTS\Binn\;C:\Program Files (x86)\Microsoft SQL Server\150\DTS\Binn\;C:\Program Files\Azure Data Studio\bin;C:\Program Files\Git\cmd;C:\Program Files\Java\jdk-25.0.2\bin;C:\Program Files\maven\apache-maven-3.9.6\bin;C:\Program Files\Microsoft SQL Server\150\Tools\Binn\;C:\Program Files\Common Files\Oracle\Java\javapath;;C:\Program Files\Docker\Docker\resources\bin;C:\Program Files\MySQL\MySQL Shell 8.0\bin\;C:\Users\Ikenna Shonowo\AppData\Local\Microsoft\WindowsApps;C:\Users\Ikenna Shonowo\AppData\Roaming\npm;C:\Users\Ikenna Shonowo\AppData\Local\Programs\Microsoft VS Code\bin;C:\Program Files\Azure Data Studio\bin;;C:\Users\Ikenna Shonowo\Documents\sts-4.31.0.RELEASE;
USERNAME=Ikenna Shonowo
OS=Windows_NT
PROCESSOR_IDENTIFIER=Intel64 Family 6 Model 154 Stepping 4, GenuineIntel
TMP=C:\Users\IKENNA~1\AppData\Local\Temp
TEMP=C:\Users\IKENNA~1\AppData\Local\Temp




Compilation memory statistics disabled.

Periodic native trim disabled

---------------  S Y S T E M  ---------------

OS:
 Windows 11 , 64 bit Build 26100 (10.0.26100.9168)
OS uptime: 12 days 11:10 hours
Hyper-V role detected

CPU: total 12 (initial active 12) (6 cores per cpu, 2 threads per core) family 6 model 154 stepping 4 microcode 0x42c, cx8, cmov, fxsr, ht, mmx, 3dnowpref, sse, sse2, sse3, ssse3, sse4.1, sse4.2, popcnt, lzcnt, tsc, tscinvbit, avx, avx2, aes, erms, clmul, bmi1, bmi2, adx, sha, fma, vzeroupper, clflush, clflushopt, clwb, hv, serialize, rdtscp, rdpid, fsrm, gfni, f16c, cet_ibt, cet_ss
Processor Information for processor 0
  Max Mhz: 1300, Current Mhz: 1300, Mhz Limit: 1300
Processor Information for processor 1
  Max Mhz: 1300, Current Mhz: 1300, Mhz Limit: 1300
Processor Information for processor 2
  Max Mhz: 1300, Current Mhz: 1300, Mhz Limit: 1300
Processor Information for processor 3
  Max Mhz: 1300, Current Mhz: 1300, Mhz Limit: 1300
Processor Information for processor 4
  Max Mhz: 1300, Current Mhz: 900, Mhz Limit: 897
Processor Information for processor 5
  Max Mhz: 1300, Current Mhz: 900, Mhz Limit: 897
Processor Information for processor 6
  Max Mhz: 1300, Current Mhz: 900, Mhz Limit: 897
Processor Information for processor 7
  Max Mhz: 1300, Current Mhz: 900, Mhz Limit: 897
Processor Information for processor 8
  Max Mhz: 1300, Current Mhz: 900, Mhz Limit: 897
Processor Information for processor 9
  Max Mhz: 1300, Current Mhz: 900, Mhz Limit: 897
Processor Information for processor 10
  Max Mhz: 1300, Current Mhz: 900, Mhz Limit: 897
Processor Information for processor 11
  Max Mhz: 1300, Current Mhz: 900, Mhz Limit: 897

Memory: 4k page, system-wide physical 7863M (467M free)
TotalPageFile size 32439M (AvailPageFile size 5646M)
current process WorkingSet (physical memory assigned to process): 299M, peak: 326M
current process commit charge ("private bytes"): 401M, peak: 417M

vm_info: OpenJDK 64-Bit Server VM (25.0.2+10-69) for windows-amd64 JRE (25.0.2+10-69), built on 2025-12-18T11:36:35Z with MS VC++ 17.13 (VS2022)

END.
