2026-09-12T12:55:07.577+01:00  WARN 22812 --- [SecureAtmLoggerSpringBootSSO] [HikariPool-4:housekeeper] com.zaxxer.hikari.pool.HikariPool        : HikariPool-4 - Thread starvation or clock leap detected (housekeeper delta=18h28m29s473ms697µs800ns).
2026-09-12T14:44:25.252+01:00  INFO 2736 --- [SecureAtmLoggerSpringBootSSO] [restartedMain] c.i.app.AtmIssueLoggerApplication        : Starting AtmIssueLoggerApplication using Java 25.0.2 with PID 2736 (C:\Users\Ikenna Shonowo\Documents\Projects\SpringBoot\AtmLoggerSpringBootSSO\target\classes started by Ikenna Shonowo in C:\Users\Ikenna Shonowo\Documents\Projects\SpringBoot\AtmLoggerSpringBootSSO)
2026-09-12T14:44:25.254+01:00  INFO 2736 --- [SecureAtmLoggerSpringBootSSO] [restartedMain] c.i.app.AtmIssueLoggerApplication        : No active profile set, falling back to 1 default profile: "default"
2026-09-12T14:44:25.338+01:00  INFO 2736 --- [SecureAtmLoggerSpringBootSSO] [restartedMain] .e.DevToolsPropertyDefaultsPostProcessor : Devtools property defaults active! Set 'spring.devtools.add-properties' to 'false' to disable
2026-09-12T14:44:25.339+01:00  INFO 2736 --- [SecureAtmLoggerSpringBootSSO] [restartedMain] .e.DevToolsPropertyDefaultsPostProcessor : For additional web related logging consider setting the 'logging.level.web' property to 'DEBUG'
2026-09-12T14:44:26.274+01:00  INFO 2736 --- [SecureAtmLoggerSpringBootSSO] [restartedMain] .s.d.r.c.RepositoryConfigurationDelegate : Multiple Spring Data modules found, entering strict repository configuration mode
2026-09-12T14:44:26.276+01:00  INFO 2736 --- [SecureAtmLoggerSpringBootSSO] [restartedMain] .s.d.r.c.RepositoryConfigurationDelegate : Bootstrapping Spring Data JPA repositories in DEFAULT mode.
2026-09-12T14:44:26.387+01:00  INFO 2736 --- [SecureAtmLoggerSpringBootSSO] [restartedMain] .s.d.r.c.RepositoryConfigurationDelegate : Finished Spring Data repository scanning in 97 ms. Found 12 JPA repository interfaces.
2026-09-12T14:44:26.418+01:00  INFO 2736 --- [SecureAtmLoggerSpringBootSSO] [restartedMain] .s.d.r.c.RepositoryConfigurationDelegate : Multiple Spring Data modules found, entering strict repository configuration mode
2026-09-12T14:44:26.419+01:00  INFO 2736 --- [SecureAtmLoggerSpringBootSSO] [restartedMain] .s.d.r.c.RepositoryConfigurationDelegate : Bootstrapping Spring Data LDAP repositories in DEFAULT mode.
2026-09-12T14:44:26.426+01:00  INFO 2736 --- [SecureAtmLoggerSpringBootSSO] [restartedMain] .RepositoryConfigurationExtensionSupport : Spring Data LDAP - Could not safely identify store assignment for repository candidate interface com.infinity.app.repo.AtmDetailRepo; If you want this repository to be a LDAP repository, consider annotating your entities with one of these annotations: org.springframework.ldap.odm.annotations.Entry (preferred), or consider extending one of the following types with your repository: org.springframework.data.ldap.repository.LdapRepository
2026-09-12T14:44:26.427+01:00  INFO 2736 --- [SecureAtmLoggerSpringBootSSO] [restartedMain] .RepositoryConfigurationExtensionSupport : Spring Data LDAP - Could not safely identify store assignment for repository candidate interface com.infinity.app.repo.AtmFaultRepo; If you want this repository to be a LDAP repository, consider annotating your entities with one of these annotations: org.springframework.ldap.odm.annotations.Entry (preferred), or consider extending one of the following types with your repository: org.springframework.data.ldap.repository.LdapRepository
2026-09-12T14:44:26.428+01:00  INFO 2736 --- [SecureAtmLoggerSpringBootSSO] [restartedMain] .RepositoryConfigurationExtensionSupport : Spring Data LDAP - Could not safely identify store assignment for repository candidate interface com.infinity.app.repo.AtmIssueRepo; If you want this repository to be a LDAP repository, consider annotating your entities with one of these annotations: org.springframework.ldap.odm.annotations.Entry (preferred), or consider extending one of the following types with your repository: org.springframework.data.ldap.repository.LdapRepository
2026-09-12T14:44:26.429+01:00  INFO 2736 --- [SecureAtmLoggerSpringBootSSO] [restartedMain] .RepositoryConfigurationExtensionSupport : Spring Data LDAP - Could not safely identify store assignment for repository candidate interface com.infinity.app.repo.BranchRepo; If you want this repository to be a LDAP repository, consider annotating your entities with one of these annotations: org.springframework.ldap.odm.annotations.Entry (preferred), or consider extending one of the following types with your repository: org.springframework.data.ldap.repository.LdapRepository
2026-09-12T14:44:26.429+01:00  INFO 2736 --- [SecureAtmLoggerSpringBootSSO] [restartedMain] .RepositoryConfigurationExtensionSupport : Spring Data LDAP - Could not safely identify store assignment for repository candidate interface com.infinity.app.repo.CallStatusRepo; If you want this repository to be a LDAP repository, consider annotating your entities with one of these annotations: org.springframework.ldap.odm.annotations.Entry (preferred), or consider extending one of the following types with your repository: org.springframework.data.ldap.repository.LdapRepository
2026-09-12T14:44:26.429+01:00  INFO 2736 --- [SecureAtmLoggerSpringBootSSO] [restartedMain] .RepositoryConfigurationExtensionSupport : Spring Data LDAP - Could not safely identify store assignment for repository candidate interface com.infinity.app.repo.EmailIssueRepo; If you want this repository to be a LDAP repository, consider annotating your entities with one of these annotations: org.springframework.ldap.odm.annotations.Entry (preferred), or consider extending one of the following types with your repository: org.springframework.data.ldap.repository.LdapRepository
2026-09-12T14:44:26.429+01:00  INFO 2736 --- [SecureAtmLoggerSpringBootSSO] [restartedMain] .RepositoryConfigurationExtensionSupport : Spring Data LDAP - Could not safely identify store assignment for repository candidate interface com.infinity.app.repo.LoggedCallRepo; If you want this repository to be a LDAP repository, consider annotating your entities with one of these annotations: org.springframework.ldap.odm.annotations.Entry (preferred), or consider extending one of the following types with your repository: org.springframework.data.ldap.repository.LdapRepository
2026-09-12T14:44:26.430+01:00  INFO 2736 --- [SecureAtmLoggerSpringBootSSO] [restartedMain] .RepositoryConfigurationExtensionSupport : Spring Data LDAP - Could not safely identify store assignment for repository candidate interface com.infinity.app.repo.MessageRepo; If you want this repository to be a LDAP repository, consider annotating your entities with one of these annotations: org.springframework.ldap.odm.annotations.Entry (preferred), or consider extending one of the following types with your repository: org.springframework.data.ldap.repository.LdapRepository
2026-09-12T14:44:26.430+01:00  INFO 2736 --- [SecureAtmLoggerSpringBootSSO] [restartedMain] .RepositoryConfigurationExtensionSupport : Spring Data LDAP - Could not safely identify store assignment for repository candidate interface com.infinity.app.repo.RegionRepo; If you want this repository to be a LDAP repository, consider annotating your entities with one of these annotations: org.springframework.ldap.odm.annotations.Entry (preferred), or consider extending one of the following types with your repository: org.springframework.data.ldap.repository.LdapRepository
2026-09-12T14:44:26.431+01:00  INFO 2736 --- [SecureAtmLoggerSpringBootSSO] [restartedMain] .RepositoryConfigurationExtensionSupport : Spring Data LDAP - Could not safely identify store assignment for repository candidate interface com.infinity.app.repo.TerminalRepo; If you want this repository to be a LDAP repository, consider annotating your entities with one of these annotations: org.springframework.ldap.odm.annotations.Entry (preferred), or consider extending one of the following types with your repository: org.springframework.data.ldap.repository.LdapRepository
2026-09-12T14:44:26.431+01:00  INFO 2736 --- [SecureAtmLoggerSpringBootSSO] [restartedMain] .RepositoryConfigurationExtensionSupport : Spring Data LDAP - Could not safely identify store assignment for repository candidate interface com.infinity.app.repo.VendorContactRepo; If you want this repository to be a LDAP repository, consider annotating your entities with one of these annotations: org.springframework.ldap.odm.annotations.Entry (preferred), or consider extending one of the following types with your repository: org.springframework.data.ldap.repository.LdapRepository
2026-09-12T14:44:26.432+01:00  INFO 2736 --- [SecureAtmLoggerSpringBootSSO] [restartedMain] .RepositoryConfigurationExtensionSupport : Spring Data LDAP - Could not safely identify store assignment for repository candidate interface com.infinity.app.repo.VendorRepo; If you want this repository to be a LDAP repository, consider annotating your entities with one of these annotations: org.springframework.ldap.odm.annotations.Entry (preferred), or consider extending one of the following types with your repository: org.springframework.data.ldap.repository.LdapRepository
2026-09-12T14:44:26.432+01:00  INFO 2736 --- [SecureAtmLoggerSpringBootSSO] [restartedMain] .s.d.r.c.RepositoryConfigurationDelegate : Finished Spring Data repository scanning in 10 ms. Found 0 LDAP repository interfaces.
2026-09-12T14:44:27.158+01:00  INFO 2736 --- [SecureAtmLoggerSpringBootSSO] [restartedMain] o.s.boot.tomcat.TomcatWebServer          : Tomcat initialized with port 9442 (https)
2026-09-12T14:44:27.177+01:00  INFO 2736 --- [SecureAtmLoggerSpringBootSSO] [restartedMain] o.apache.catalina.core.StandardService   : Starting service [Tomcat]
2026-09-12T14:44:27.178+01:00  INFO 2736 --- [SecureAtmLoggerSpringBootSSO] [restartedMain] o.apache.catalina.core.StandardEngine    : Starting Servlet engine: [Apache Tomcat/11.0.22]
2026-09-12T14:44:27.226+01:00  INFO 2736 --- [SecureAtmLoggerSpringBootSSO] [restartedMain] b.w.c.s.WebApplicationContextInitializer : Root WebApplicationContext: initialization completed in 1885 ms
2026-09-12T14:44:27.351+01:00  INFO 2736 --- [SecureAtmLoggerSpringBootSSO] [restartedMain] com.zaxxer.hikari.HikariDataSource       : HikariPool-1 - Starting...
2026-09-12T14:44:27.704+01:00  INFO 2736 --- [SecureAtmLoggerSpringBootSSO] [restartedMain] com.zaxxer.hikari.pool.HikariPool        : HikariPool-1 - Added connection ConnectionID:1 ClientConnectionId: 63a25ebb-e148-430c-819f-ae36a536ab8e
2026-09-12T14:44:27.705+01:00  INFO 2736 --- [SecureAtmLoggerSpringBootSSO] [restartedMain] com.zaxxer.hikari.HikariDataSource       : HikariPool-1 - Start completed.
2026-09-12T14:44:27.849+01:00  INFO 2736 --- [SecureAtmLoggerSpringBootSSO] [restartedMain] org.hibernate.orm.jpa                    : HHH008540: Processing PersistenceUnitInfo [name: default]
2026-09-12T14:44:28.069+01:00  INFO 2736 --- [SecureAtmLoggerSpringBootSSO] [restartedMain] org.hibernate.orm.core                   : HHH000001: Hibernate ORM core version 7.4.1.Final
2026-09-12T14:44:28.148+01:00  INFO 2736 --- [SecureAtmLoggerSpringBootSSO] [restartedMain] org.hibernate.orm.cache                  : HHH90001028: Second-level cache region factory [org.hibernate.cache.jcache.internal.JCacheRegionFactory]
2026-09-12T14:44:28.722+01:00  INFO 2736 --- [SecureAtmLoggerSpringBootSSO] [restartedMain] o.s.o.j.p.SpringPersistenceUnitInfo      : No LoadTimeWeaver setup: ignoring JPA class transformer
2026-09-12T14:44:29.201+01:00  WARN 2736 --- [SecureAtmLoggerSpringBootSSO] [restartedMain] org.hibernate.orm.deprecation            : HHH90000025: SQLServerDialect does not need to be specified explicitly using 'hibernate.dialect' (remove the property setting and it will be selected by default)
2026-09-12T14:44:29.228+01:00  INFO 2736 --- [SecureAtmLoggerSpringBootSSO] [restartedMain] org.hibernate.orm.connections.pooling    : HHH10001005: Database info:
	Database JDBC URL [jdbc:sqlserver://localhost:1433;concatNullYieldsNull=ON;quotedIdentifier=ON;connectRetryInterval=10;connectRetryCount=1;maxResultBuffer=-1;sendTemporalDataTypesAsStringForBulkCopy=true;delayLoadingLobs=true;useFmtOnly=false;vectorTypeSupport=v1;cacheBulkCopyMetadata=false;bulkCopyForBatchInsertAllowEncryptedValueModifications=false;bulkCopyForBatchInsertTableLock=false;bulkCopyForBatchInsertKeepNulls=false;bulkCopyForBatchInsertKeepIdentity=false;bulkCopyForBatchInsertFireTriggers=false;bulkCopyForBatchInsertCheckConstraints=false;bulkCopyForBatchInsertBatchSize=0;useBulkCopyForBatchInsert=false;cancelQueryTimeout=-1;sslProtocol=TLS;calcBigDecimalPrecision=false;useDefaultJaasConfig=false;jaasConfigurationName=SQLJDBCDriver;statementPoolingCacheSize=0;serverPreparedStatementDiscardThreshold=10;enablePrepareOnFirstPreparedStatementCall=false;fips=false;socketTimeout=0;authentication=NotSpecified;authenticationScheme=nativeAuthentication;xopenStates=false;datetimeParameterType=datetime2;sendTimeAsDatetime=true;replication=false;trustStoreType=JKS;trustServerCertificate=true;TransparentNetworkIPResolution=true;iPAddressPreference=IPv4First;serverNameAsACE=false;sendStringParametersAsUnicode=true;selectMethod=direct;responseBuffering=adaptive;queryTimeout=-1;packetSize=8000;multiSubnetFailover=false;loginTimeout=30;lockTimeout=-1;lastUpdateCount=true;useDefaultGSSCredential=false;prepareMethod=prepexec;encrypt=true;disableStatementPooling=true;databaseName=SecureAtmIssueLogger;columnEncryptionSetting=Disabled;applicationName=Microsoft JDBC Driver for SQL Server;applicationIntent=readwrite;]
	Database driver: Microsoft JDBC Driver 13.4 for SQL Server
	Database dialect: SQLServerDialect
	Database version: 16.0
	Default catalog/schema: SecureAtmIssueLogger/dbo
	Autocommit mode: undefined/unknown
	Isolation level: READ_COMMITTED [default READ_COMMITTED]
	JDBC fetch size: 128
	Pool: DataSourceConnectionProvider
	Minimum pool size: undefined/unknown
	Maximum pool size: undefined/unknown
2026-09-12T14:44:30.795+01:00  INFO 2736 --- [SecureAtmLoggerSpringBootSSO] [restartedMain] org.hibernate.orm.core                   : HHH000489: No JTA platform available (set 'hibernate.transaction.jta.platform' to enable JTA platform integration)
2026-09-12T14:44:34.736+01:00  INFO 2736 --- [SecureAtmLoggerSpringBootSSO] [restartedMain] j.LocalContainerEntityManagerFactoryBean : Initialized JPA EntityManagerFactory for persistence unit 'default'
2026-09-12T14:44:34.831+01:00  INFO 2736 --- [SecureAtmLoggerSpringBootSSO] [restartedMain] o.s.d.j.r.query.QueryEnhancerFactories   : Hibernate is in classpath; If applicable, HQL parser will be used.
2026-09-12T14:44:35.954+01:00 DEBUG 2736 --- [SecureAtmLoggerSpringBootSSO] [restartedMain] o.s.l.c.support.AbstractContextSource    : AuthenticationSource not set - using default implementation
2026-09-12T14:44:35.954+01:00 DEBUG 2736 --- [SecureAtmLoggerSpringBootSSO] [restartedMain] o.s.l.c.support.AbstractContextSource    : Not using LDAP pooling
2026-09-12T14:44:35.960+01:00 DEBUG 2736 --- [SecureAtmLoggerSpringBootSSO] [restartedMain] o.s.l.c.support.AbstractContextSource    : Trying provider Urls: ldaps://localhost:10636/ou=system
2026-09-12T14:44:35.973+01:00  INFO 2736 --- [SecureAtmLoggerSpringBootSSO] [restartedMain] o.s.s.l.s.FilterBasedLdapUserSearch      : Searches will be performed from the root ou=system since SearchBase not set
2026-09-12T14:44:36.210+01:00  WARN 2736 --- [SecureAtmLoggerSpringBootSSO] [restartedMain] JpaBaseConfiguration$JpaWebConfiguration : spring.jpa.open-in-view is enabled by default. Therefore, database queries may be performed during view rendering. Explicitly configure spring.jpa.open-in-view to disable this warning
2026-09-12T14:44:36.964+01:00  INFO 2736 --- [SecureAtmLoggerSpringBootSSO] [restartedMain] o.a.t.util.net.NioEndpoint.certificate   : Connector [https-jsse-nio-9442], TLS virtual host [_default_], certificate type [UNDEFINED] configured from keystore [Set directly - location unknown] using alias [server] with trust store [C:\Users\IKENNA~1\AppData\Local\Temp\ldap-truststore17192684085807139474.jks]
2026-09-12T14:44:37.011+01:00  INFO 2736 --- [SecureAtmLoggerSpringBootSSO] [restartedMain] o.s.boot.tomcat.TomcatWebServer          : Tomcat started on port 9442 (https) with context path '/'
2026-09-12T14:44:37.027+01:00  INFO 2736 --- [SecureAtmLoggerSpringBootSSO] [restartedMain] c.i.app.AtmIssueLoggerApplication        : Started AtmIssueLoggerApplication in 12.448 seconds (process running for 14.607)
2026-09-12T14:44:47.970+01:00  INFO 2736 --- [SecureAtmLoggerSpringBootSSO] [https-jsse-nio-9442-exec-8] o.a.c.c.C.[Tomcat].[localhost].[/]       : Initializing Spring DispatcherServlet 'dispatcherServlet'
2026-09-12T14:44:47.970+01:00  INFO 2736 --- [SecureAtmLoggerSpringBootSSO] [https-jsse-nio-9442-exec-8] o.s.web.servlet.DispatcherServlet        : Initializing Servlet 'dispatcherServlet'
2026-09-12T14:44:47.970+01:00  INFO 2736 --- [SecureAtmLoggerSpringBootSSO] [https-jsse-nio-9442-exec-8] o.s.web.servlet.DispatcherServlet        : Completed initialization in 0 ms
2026-09-12T14:44:48.151+01:00 DEBUG 2736 --- [SecureAtmLoggerSpringBootSSO] [https-jsse-nio-9442-exec-2] o.s.s.l.a.BindAuthenticator              : Failed to bind with any user DNs []
2026-09-12T14:44:48.732+01:00 DEBUG 2736 --- [SecureAtmLoggerSpringBootSSO] [https-jsse-nio-9442-exec-2] o.s.l.c.support.AbstractContextSource    : Got Ldap context on server 'ldaps://localhost:10636/ou=system'
2026-09-12T14:44:48.786+01:00 DEBUG 2736 --- [SecureAtmLoggerSpringBootSSO] [https-jsse-nio-9442-exec-2] o.s.s.ldap.SpringSecurityLdapTemplate    : Found DN: cn=ikenna,ou=users
2026-09-12T14:44:48.796+01:00 DEBUG 2736 --- [SecureAtmLoggerSpringBootSSO] [https-jsse-nio-9442-exec-2] o.s.s.l.s.FilterBasedLdapUserSearch      : Found user 'ikenna', with FilterBasedLdapUserSearch [searchFilter=(cn={0}); searchBase=; scope=subtree; searchTimeLimit=0; derefLinkFlag=false ]
2026-09-12T14:44:48.834+01:00 DEBUG 2736 --- [SecureAtmLoggerSpringBootSSO] [https-jsse-nio-9442-exec-2] o.s.l.c.support.AbstractContextSource    : Got Ldap context on server 'ldaps://localhost:10636/ou=system'
2026-09-12T14:44:48.835+01:00 DEBUG 2736 --- [SecureAtmLoggerSpringBootSSO] [https-jsse-nio-9442-exec-2] o.s.s.l.a.BindAuthenticator              : Bound cn=ikenna,ou=users,ou=system
2026-09-12T14:44:48.837+01:00 DEBUG 2736 --- [SecureAtmLoggerSpringBootSSO] [https-jsse-nio-9442-exec-2] o.s.s.l.u.LdapUserDetailsMapper          : Mapping user details from context with DN cn=ikenna,ou=users,ou=system
2026-09-12T14:44:48.845+01:00 DEBUG 2736 --- [SecureAtmLoggerSpringBootSSO] [https-jsse-nio-9442-exec-2] o.s.s.l.a.LdapAuthenticationProvider     : Authenticated user
2026-09-12T14:44:48.871+01:00 DEBUG 2736 --- [SecureAtmLoggerSpringBootSSO] [https-jsse-nio-9442-exec-2] o.s.l.c.support.AbstractContextSource    : Got Ldap context on server 'ldaps://localhost:10636/ou=system'
2026-09-12T14:44:48.871+01:00 DEBUG 2736 --- [SecureAtmLoggerSpringBootSSO] [https-jsse-nio-9442-exec-2] o.s.ldap.core.LdapTemplate               : Executing search with base [ou=users] and filter [(cn=ikenna)]
2026-09-12T14:46:29.327+01:00  INFO 2736 --- [SecureAtmLoggerSpringBootSSO] [File Watcher] rtingClassPathChangeChangedEventListener : Restarting due to 1 class path change (0 additions, 0 deletions, 1 modification)
2026-09-12T14:46:30.702+01:00  INFO 2736 --- [SecureAtmLoggerSpringBootSSO] [Thread-1] o.s.boot.tomcat.GracefulShutdown         : Commencing graceful shutdown. Waiting for active requests to complete
2026-09-12T14:46:30.727+01:00  INFO 2736 --- [SecureAtmLoggerSpringBootSSO] [tomcat-shutdown] o.s.boot.tomcat.GracefulShutdown         : Graceful shutdown complete
2026-09-12T14:46:30.747+01:00  INFO 2736 --- [SecureAtmLoggerSpringBootSSO] [Thread-1] j.LocalContainerEntityManagerFactoryBean : Closing JPA EntityManagerFactory for persistence unit 'default'
2026-09-12T14:46:30.825+01:00  INFO 2736 --- [SecureAtmLoggerSpringBootSSO] [Thread-1] com.zaxxer.hikari.HikariDataSource       : HikariPool-1 - Shutdown initiated...
2026-09-12T14:46:30.841+01:00  INFO 2736 --- [SecureAtmLoggerSpringBootSSO] [Thread-1] com.zaxxer.hikari.HikariDataSource       : HikariPool-1 - Shutdown completed.
2026-09-12T14:46:31.174+01:00  INFO 2736 --- [SecureAtmLoggerSpringBootSSO] [restartedMain] c.i.app.AtmIssueLoggerApplication        : Starting AtmIssueLoggerApplication using Java 25.0.2 with PID 2736 (C:\Users\Ikenna Shonowo\Documents\Projects\SpringBoot\AtmLoggerSpringBootSSO\target\classes started by Ikenna Shonowo in C:\Users\Ikenna Shonowo\Documents\Projects\SpringBoot\AtmLoggerSpringBootSSO)
2026-09-12T14:46:31.175+01:00  INFO 2736 --- [SecureAtmLoggerSpringBootSSO] [restartedMain] c.i.app.AtmIssueLoggerApplication        : No active profile set, falling back to 1 default profile: "default"
2026-09-12T14:46:31.589+01:00  INFO 2736 --- [SecureAtmLoggerSpringBootSSO] [restartedMain] .s.d.r.c.RepositoryConfigurationDelegate : Multiple Spring Data modules found, entering strict repository configuration mode
2026-09-12T14:46:31.589+01:00  INFO 2736 --- [SecureAtmLoggerSpringBootSSO] [restartedMain] .s.d.r.c.RepositoryConfigurationDelegate : Bootstrapping Spring Data JPA repositories in DEFAULT mode.
2026-09-12T14:46:31.645+01:00  INFO 2736 --- [SecureAtmLoggerSpringBootSSO] [restartedMain] .s.d.r.c.RepositoryConfigurationDelegate : Finished Spring Data repository scanning in 50 ms. Found 12 JPA repository interfaces.
2026-09-12T14:46:31.648+01:00  INFO 2736 --- [SecureAtmLoggerSpringBootSSO] [restartedMain] .s.d.r.c.RepositoryConfigurationDelegate : Multiple Spring Data modules found, entering strict repository configuration mode
2026-09-12T14:46:31.648+01:00  INFO 2736 --- [SecureAtmLoggerSpringBootSSO] [restartedMain] .s.d.r.c.RepositoryConfigurationDelegate : Bootstrapping Spring Data LDAP repositories in DEFAULT mode.
2026-09-12T14:46:31.659+01:00  INFO 2736 --- [SecureAtmLoggerSpringBootSSO] [restartedMain] .RepositoryConfigurationExtensionSupport : Spring Data LDAP - Could not safely identify store assignment for repository candidate interface com.infinity.app.repo.AtmDetailRepo; If you want this repository to be a LDAP repository, consider annotating your entities with one of these annotations: org.springframework.ldap.odm.annotations.Entry (preferred), or consider extending one of the following types with your repository: org.springframework.data.ldap.repository.LdapRepository
2026-09-12T14:46:31.659+01:00  INFO 2736 --- [SecureAtmLoggerSpringBootSSO] [restartedMain] .RepositoryConfigurationExtensionSupport : Spring Data LDAP - Could not safely identify store assignment for repository candidate interface com.infinity.app.repo.AtmFaultRepo; If you want this repository to be a LDAP repository, consider annotating your entities with one of these annotations: org.springframework.ldap.odm.annotations.Entry (preferred), or consider extending one of the following types with your repository: org.springframework.data.ldap.repository.LdapRepository
2026-09-12T14:46:31.660+01:00  INFO 2736 --- [SecureAtmLoggerSpringBootSSO] [restartedMain] .RepositoryConfigurationExtensionSupport : Spring Data LDAP - Could not safely identify store assignment for repository candidate interface com.infinity.app.repo.AtmIssueRepo; If you want this repository to be a LDAP repository, consider annotating your entities with one of these annotations: org.springframework.ldap.odm.annotations.Entry (preferred), or consider extending one of the following types with your repository: org.springframework.data.ldap.repository.LdapRepository
2026-09-12T14:46:31.660+01:00  INFO 2736 --- [SecureAtmLoggerSpringBootSSO] [restartedMain] .RepositoryConfigurationExtensionSupport : Spring Data LDAP - Could not safely identify store assignment for repository candidate interface com.infinity.app.repo.BranchRepo; If you want this repository to be a LDAP repository, consider annotating your entities with one of these annotations: org.springframework.ldap.odm.annotations.Entry (preferred), or consider extending one of the following types with your repository: org.springframework.data.ldap.repository.LdapRepository
2026-09-12T14:46:31.660+01:00  INFO 2736 --- [SecureAtmLoggerSpringBootSSO] [restartedMain] .RepositoryConfigurationExtensionSupport : Spring Data LDAP - Could not safely identify store assignment for repository candidate interface com.infinity.app.repo.CallStatusRepo; If you want this repository to be a LDAP repository, consider annotating your entities with one of these annotations: org.springframework.ldap.odm.annotations.Entry (preferred), or consider extending one of the following types with your repository: org.springframework.data.ldap.repository.LdapRepository
2026-09-12T14:46:31.660+01:00  INFO 2736 --- [SecureAtmLoggerSpringBootSSO] [restartedMain] .RepositoryConfigurationExtensionSupport : Spring Data LDAP - Could not safely identify store assignment for repository candidate interface com.infinity.app.repo.EmailIssueRepo; If you want this repository to be a LDAP repository, consider annotating your entities with one of these annotations: org.springframework.ldap.odm.annotations.Entry (preferred), or consider extending one of the following types with your repository: org.springframework.data.ldap.repository.LdapRepository
2026-09-12T14:46:31.661+01:00  INFO 2736 --- [SecureAtmLoggerSpringBootSSO] [restartedMain] .RepositoryConfigurationExtensionSupport : Spring Data LDAP - Could not safely identify store assignment for repository candidate interface com.infinity.app.repo.LoggedCallRepo; If you want this repository to be a LDAP repository, consider annotating your entities with one of these annotations: org.springframework.ldap.odm.annotations.Entry (preferred), or consider extending one of the following types with your repository: org.springframework.data.ldap.repository.LdapRepository
2026-09-12T14:46:31.661+01:00  INFO 2736 --- [SecureAtmLoggerSpringBootSSO] [restartedMain] .RepositoryConfigurationExtensionSupport : Spring Data LDAP - Could not safely identify store assignment for repository candidate interface com.infinity.app.repo.MessageRepo; If you want this repository to be a LDAP repository, consider annotating your entities with one of these annotations: org.springframework.ldap.odm.annotations.Entry (preferred), or consider extending one of the following types with your repository: org.springframework.data.ldap.repository.LdapRepository
2026-09-12T14:46:31.661+01:00  INFO 2736 --- [SecureAtmLoggerSpringBootSSO] [restartedMain] .RepositoryConfigurationExtensionSupport : Spring Data LDAP - Could not safely identify store assignment for repository candidate interface com.infinity.app.repo.RegionRepo; If you want this repository to be a LDAP repository, consider annotating your entities with one of these annotations: org.springframework.ldap.odm.annotations.Entry (preferred), or consider extending one of the following types with your repository: org.springframework.data.ldap.repository.LdapRepository
2026-09-12T14:46:31.661+01:00  INFO 2736 --- [SecureAtmLoggerSpringBootSSO] [restartedMain] .RepositoryConfigurationExtensionSupport : Spring Data LDAP - Could not safely identify store assignment for repository candidate interface com.infinity.app.repo.TerminalRepo; If you want this repository to be a LDAP repository, consider annotating your entities with one of these annotations: org.springframework.ldap.odm.annotations.Entry (preferred), or consider extending one of the following types with your repository: org.springframework.data.ldap.repository.LdapRepository
2026-09-12T14:46:31.661+01:00  INFO 2736 --- [SecureAtmLoggerSpringBootSSO] [restartedMain] .RepositoryConfigurationExtensionSupport : Spring Data LDAP - Could not safely identify store assignment for repository candidate interface com.infinity.app.repo.VendorContactRepo; If you want this repository to be a LDAP repository, consider annotating your entities with one of these annotations: org.springframework.ldap.odm.annotations.Entry (preferred), or consider extending one of the following types with your repository: org.springframework.data.ldap.repository.LdapRepository
2026-09-12T14:46:31.662+01:00  INFO 2736 --- [SecureAtmLoggerSpringBootSSO] [restartedMain] .RepositoryConfigurationExtensionSupport : Spring Data LDAP - Could not safely identify store assignment for repository candidate interface com.infinity.app.repo.VendorRepo; If you want this repository to be a LDAP repository, consider annotating your entities with one of these annotations: org.springframework.ldap.odm.annotations.Entry (preferred), or consider extending one of the following types with your repository: org.springframework.data.ldap.repository.LdapRepository
2026-09-12T14:46:31.662+01:00  INFO 2736 --- [SecureAtmLoggerSpringBootSSO] [restartedMain] .s.d.r.c.RepositoryConfigurationDelegate : Finished Spring Data repository scanning in 9 ms. Found 0 LDAP repository interfaces.
2026-09-12T14:46:32.032+01:00  INFO 2736 --- [SecureAtmLoggerSpringBootSSO] [restartedMain] o.s.boot.tomcat.TomcatWebServer          : Tomcat initialized with port 9442 (https)
2026-09-12T14:46:32.033+01:00  INFO 2736 --- [SecureAtmLoggerSpringBootSSO] [restartedMain] o.apache.catalina.core.StandardService   : Starting service [Tomcat]
2026-09-12T14:46:32.034+01:00  INFO 2736 --- [SecureAtmLoggerSpringBootSSO] [restartedMain] o.apache.catalina.core.StandardEngine    : Starting Servlet engine: [Apache Tomcat/11.0.22]
2026-09-12T14:46:32.112+01:00  INFO 2736 --- [SecureAtmLoggerSpringBootSSO] [restartedMain] b.w.c.s.WebApplicationContextInitializer : Root WebApplicationContext: initialization completed in 932 ms
2026-09-12T14:46:32.210+01:00  INFO 2736 --- [SecureAtmLoggerSpringBootSSO] [restartedMain] com.zaxxer.hikari.HikariDataSource       : HikariPool-2 - Starting...
2026-09-12T14:46:32.307+01:00  INFO 2736 --- [SecureAtmLoggerSpringBootSSO] [restartedMain] com.zaxxer.hikari.pool.HikariPool        : HikariPool-2 - Added connection ConnectionID:11 ClientConnectionId: a52e7e1f-febe-46b9-82b6-9213e6f4034f
2026-09-12T14:46:32.308+01:00  INFO 2736 --- [SecureAtmLoggerSpringBootSSO] [restartedMain] com.zaxxer.hikari.HikariDataSource       : HikariPool-2 - Start completed.
2026-09-12T14:46:32.333+01:00  INFO 2736 --- [SecureAtmLoggerSpringBootSSO] [restartedMain] org.hibernate.orm.jpa                    : HHH008540: Processing PersistenceUnitInfo [name: default]
2026-09-12T14:46:32.339+01:00  INFO 2736 --- [SecureAtmLoggerSpringBootSSO] [restartedMain] org.hibernate.orm.cache                  : HHH90001028: Second-level cache region factory [org.hibernate.cache.jcache.internal.JCacheRegionFactory]
2026-09-12T14:46:32.395+01:00  INFO 2736 --- [SecureAtmLoggerSpringBootSSO] [restartedMain] o.s.o.j.p.SpringPersistenceUnitInfo      : No LoadTimeWeaver setup: ignoring JPA class transformer
2026-09-12T14:46:32.664+01:00  WARN 2736 --- [SecureAtmLoggerSpringBootSSO] [restartedMain] org.hibernate.orm.deprecation            : HHH90000025: SQLServerDialect does not need to be specified explicitly using 'hibernate.dialect' (remove the property setting and it will be selected by default)
2026-09-12T14:46:32.667+01:00  INFO 2736 --- [SecureAtmLoggerSpringBootSSO] [restartedMain] org.hibernate.orm.connections.pooling    : HHH10001005: Database info:
	Database JDBC URL [jdbc:sqlserver://localhost:1433;concatNullYieldsNull=ON;quotedIdentifier=ON;connectRetryInterval=10;connectRetryCount=1;maxResultBuffer=-1;sendTemporalDataTypesAsStringForBulkCopy=true;delayLoadingLobs=true;useFmtOnly=false;vectorTypeSupport=v1;cacheBulkCopyMetadata=false;bulkCopyForBatchInsertAllowEncryptedValueModifications=false;bulkCopyForBatchInsertTableLock=false;bulkCopyForBatchInsertKeepNulls=false;bulkCopyForBatchInsertKeepIdentity=false;bulkCopyForBatchInsertFireTriggers=false;bulkCopyForBatchInsertCheckConstraints=false;bulkCopyForBatchInsertBatchSize=0;useBulkCopyForBatchInsert=false;cancelQueryTimeout=-1;sslProtocol=TLS;calcBigDecimalPrecision=false;useDefaultJaasConfig=false;jaasConfigurationName=SQLJDBCDriver;statementPoolingCacheSize=0;serverPreparedStatementDiscardThreshold=10;enablePrepareOnFirstPreparedStatementCall=false;fips=false;socketTimeout=0;authentication=NotSpecified;authenticationScheme=nativeAuthentication;xopenStates=false;datetimeParameterType=datetime2;sendTimeAsDatetime=true;replication=false;trustStoreType=JKS;trustServerCertificate=true;TransparentNetworkIPResolution=true;iPAddressPreference=IPv4First;serverNameAsACE=false;sendStringParametersAsUnicode=true;selectMethod=direct;responseBuffering=adaptive;queryTimeout=-1;packetSize=8000;multiSubnetFailover=false;loginTimeout=30;lockTimeout=-1;lastUpdateCount=true;useDefaultGSSCredential=false;prepareMethod=prepexec;encrypt=true;disableStatementPooling=true;databaseName=SecureAtmIssueLogger;columnEncryptionSetting=Disabled;applicationName=Microsoft JDBC Driver for SQL Server;applicationIntent=readwrite;]
	Database driver: Microsoft JDBC Driver 13.4 for SQL Server
	Database dialect: SQLServerDialect
	Database version: 16.0
	Default catalog/schema: SecureAtmIssueLogger/dbo
	Autocommit mode: undefined/unknown
	Isolation level: READ_COMMITTED [default READ_COMMITTED]
	JDBC fetch size: 128
	Pool: DataSourceConnectionProvider
	Minimum pool size: undefined/unknown
	Maximum pool size: undefined/unknown
2026-09-12T14:46:33.054+01:00  INFO 2736 --- [SecureAtmLoggerSpringBootSSO] [restartedMain] org.hibernate.orm.core                   : HHH000489: No JTA platform available (set 'hibernate.transaction.jta.platform' to enable JTA platform integration)
2026-09-12T14:46:36.083+01:00  INFO 2736 --- [SecureAtmLoggerSpringBootSSO] [restartedMain] j.LocalContainerEntityManagerFactoryBean : Initialized JPA EntityManagerFactory for persistence unit 'default'
2026-09-12T14:46:36.250+01:00 DEBUG 2736 --- [SecureAtmLoggerSpringBootSSO] [restartedMain] o.s.l.c.support.AbstractContextSource    : AuthenticationSource not set - using default implementation
2026-09-12T14:46:36.250+01:00 DEBUG 2736 --- [SecureAtmLoggerSpringBootSSO] [restartedMain] o.s.l.c.support.AbstractContextSource    : Not using LDAP pooling
2026-09-12T14:46:36.250+01:00 DEBUG 2736 --- [SecureAtmLoggerSpringBootSSO] [restartedMain] o.s.l.c.support.AbstractContextSource    : Trying provider Urls: ldaps://localhost:10636/ou=system
2026-09-12T14:46:36.251+01:00  INFO 2736 --- [SecureAtmLoggerSpringBootSSO] [restartedMain] o.s.s.l.s.FilterBasedLdapUserSearch      : Searches will be performed from the root ou=system since SearchBase not set
2026-09-12T14:46:36.325+01:00  WARN 2736 --- [SecureAtmLoggerSpringBootSSO] [restartedMain] JpaBaseConfiguration$JpaWebConfiguration : spring.jpa.open-in-view is enabled by default. Therefore, database queries may be performed during view rendering. Explicitly configure spring.jpa.open-in-view to disable this warning
2026-09-12T14:46:36.576+01:00  INFO 2736 --- [SecureAtmLoggerSpringBootSSO] [restartedMain] o.a.t.util.net.NioEndpoint.certificate   : Connector [https-jsse-nio-9442], TLS virtual host [_default_], certificate type [UNDEFINED] configured from keystore [Set directly - location unknown] using alias [server] with trust store [C:\Users\IKENNA~1\AppData\Local\Temp\ldap-truststore14673659699818156644.jks]
2026-09-12T14:46:36.580+01:00  INFO 2736 --- [SecureAtmLoggerSpringBootSSO] [restartedMain] o.s.boot.tomcat.TomcatWebServer          : Tomcat started on port 9442 (https) with context path '/'
2026-09-12T14:46:36.587+01:00  INFO 2736 --- [SecureAtmLoggerSpringBootSSO] [restartedMain] c.i.app.AtmIssueLoggerApplication        : Started AtmIssueLoggerApplication in 5.485 seconds (process running for 134.167)
2026-09-12T14:46:36.589+01:00  INFO 2736 --- [SecureAtmLoggerSpringBootSSO] [restartedMain] .ConditionEvaluationDeltaLoggingListener : Condition evaluation unchanged
2026-09-12T14:46:56.333+01:00  INFO 2736 --- [SecureAtmLoggerSpringBootSSO] [File Watcher] rtingClassPathChangeChangedEventListener : Restarting due to 1 class path change (0 additions, 0 deletions, 1 modification)
2026-09-12T14:46:56.337+01:00  INFO 2736 --- [SecureAtmLoggerSpringBootSSO] [Thread-8] o.s.boot.tomcat.GracefulShutdown         : Commencing graceful shutdown. Waiting for active requests to complete
2026-09-12T14:46:56.348+01:00  INFO 2736 --- [SecureAtmLoggerSpringBootSSO] [tomcat-shutdown] o.s.boot.tomcat.GracefulShutdown         : Graceful shutdown complete
2026-09-12T14:46:56.359+01:00  INFO 2736 --- [SecureAtmLoggerSpringBootSSO] [Thread-8] j.LocalContainerEntityManagerFactoryBean : Closing JPA EntityManagerFactory for persistence unit 'default'
2026-09-12T14:46:56.372+01:00  INFO 2736 --- [SecureAtmLoggerSpringBootSSO] [Thread-8] com.zaxxer.hikari.HikariDataSource       : HikariPool-2 - Shutdown initiated...
2026-09-12T14:46:56.382+01:00  INFO 2736 --- [SecureAtmLoggerSpringBootSSO] [Thread-8] com.zaxxer.hikari.HikariDataSource       : HikariPool-2 - Shutdown completed.
2026-09-12T14:46:56.513+01:00  INFO 2736 --- [SecureAtmLoggerSpringBootSSO] [restartedMain] c.i.app.AtmIssueLoggerApplication        : Starting AtmIssueLoggerApplication using Java 25.0.2 with PID 2736 (C:\Users\Ikenna Shonowo\Documents\Projects\SpringBoot\AtmLoggerSpringBootSSO\target\classes started by Ikenna Shonowo in C:\Users\Ikenna Shonowo\Documents\Projects\SpringBoot\AtmLoggerSpringBootSSO)
2026-09-12T14:46:56.514+01:00  INFO 2736 --- [SecureAtmLoggerSpringBootSSO] [restartedMain] c.i.app.AtmIssueLoggerApplication        : No active profile set, falling back to 1 default profile: "default"
2026-09-12T14:46:57.138+01:00  INFO 2736 --- [SecureAtmLoggerSpringBootSSO] [restartedMain] .s.d.r.c.RepositoryConfigurationDelegate : Multiple Spring Data modules found, entering strict repository configuration mode
2026-09-12T14:46:57.138+01:00  INFO 2736 --- [SecureAtmLoggerSpringBootSSO] [restartedMain] .s.d.r.c.RepositoryConfigurationDelegate : Bootstrapping Spring Data JPA repositories in DEFAULT mode.
2026-09-12T14:46:57.186+01:00  INFO 2736 --- [SecureAtmLoggerSpringBootSSO] [restartedMain] .s.d.r.c.RepositoryConfigurationDelegate : Finished Spring Data repository scanning in 45 ms. Found 12 JPA repository interfaces.
2026-09-12T14:46:57.189+01:00  INFO 2736 --- [SecureAtmLoggerSpringBootSSO] [restartedMain] .s.d.r.c.RepositoryConfigurationDelegate : Multiple Spring Data modules found, entering strict repository configuration mode
2026-09-12T14:46:57.189+01:00  INFO 2736 --- [SecureAtmLoggerSpringBootSSO] [restartedMain] .s.d.r.c.RepositoryConfigurationDelegate : Bootstrapping Spring Data LDAP repositories in DEFAULT mode.
2026-09-12T14:46:57.193+01:00  INFO 2736 --- [SecureAtmLoggerSpringBootSSO] [restartedMain] .RepositoryConfigurationExtensionSupport : Spring Data LDAP - Could not safely identify store assignment for repository candidate interface com.infinity.app.repo.AtmDetailRepo; If you want this repository to be a LDAP repository, consider annotating your entities with one of these annotations: org.springframework.ldap.odm.annotations.Entry (preferred), or consider extending one of the following types with your repository: org.springframework.data.ldap.repository.LdapRepository
2026-09-12T14:46:57.194+01:00  INFO 2736 --- [SecureAtmLoggerSpringBootSSO] [restartedMain] .RepositoryConfigurationExtensionSupport : Spring Data LDAP - Could not safely identify store assignment for repository candidate interface com.infinity.app.repo.AtmFaultRepo; If you want this repository to be a LDAP repository, consider annotating your entities with one of these annotations: org.springframework.ldap.odm.annotations.Entry (preferred), or consider extending one of the following types with your repository: org.springframework.data.ldap.repository.LdapRepository
2026-09-12T14:46:57.194+01:00  INFO 2736 --- [SecureAtmLoggerSpringBootSSO] [restartedMain] .RepositoryConfigurationExtensionSupport : Spring Data LDAP - Could not safely identify store assignment for repository candidate interface com.infinity.app.repo.AtmIssueRepo; If you want this repository to be a LDAP repository, consider annotating your entities with one of these annotations: org.springframework.ldap.odm.annotations.Entry (preferred), or consider extending one of the following types with your repository: org.springframework.data.ldap.repository.LdapRepository
2026-09-12T14:46:57.194+01:00  INFO 2736 --- [SecureAtmLoggerSpringBootSSO] [restartedMain] .RepositoryConfigurationExtensionSupport : Spring Data LDAP - Could not safely identify store assignment for repository candidate interface com.infinity.app.repo.BranchRepo; If you want this repository to be a LDAP repository, consider annotating your entities with one of these annotations: org.springframework.ldap.odm.annotations.Entry (preferred), or consider extending one of the following types with your repository: org.springframework.data.ldap.repository.LdapRepository
2026-09-12T14:46:57.195+01:00  INFO 2736 --- [SecureAtmLoggerSpringBootSSO] [restartedMain] .RepositoryConfigurationExtensionSupport : Spring Data LDAP - Could not safely identify store assignment for repository candidate interface com.infinity.app.repo.CallStatusRepo; If you want this repository to be a LDAP repository, consider annotating your entities with one of these annotations: org.springframework.ldap.odm.annotations.Entry (preferred), or consider extending one of the following types with your repository: org.springframework.data.ldap.repository.LdapRepository
2026-09-12T14:46:57.196+01:00  INFO 2736 --- [SecureAtmLoggerSpringBootSSO] [restartedMain] .RepositoryConfigurationExtensionSupport : Spring Data LDAP - Could not safely identify store assignment for repository candidate interface com.infinity.app.repo.EmailIssueRepo; If you want this repository to be a LDAP repository, consider annotating your entities with one of these annotations: org.springframework.ldap.odm.annotations.Entry (preferred), or consider extending one of the following types with your repository: org.springframework.data.ldap.repository.LdapRepository
2026-09-12T14:46:57.197+01:00  INFO 2736 --- [SecureAtmLoggerSpringBootSSO] [restartedMain] .RepositoryConfigurationExtensionSupport : Spring Data LDAP - Could not safely identify store assignment for repository candidate interface com.infinity.app.repo.LoggedCallRepo; If you want this repository to be a LDAP repository, consider annotating your entities with one of these annotations: org.springframework.ldap.odm.annotations.Entry (preferred), or consider extending one of the following types with your repository: org.springframework.data.ldap.repository.LdapRepository
2026-09-12T14:46:57.197+01:00  INFO 2736 --- [SecureAtmLoggerSpringBootSSO] [restartedMain] .RepositoryConfigurationExtensionSupport : Spring Data LDAP - Could not safely identify store assignment for repository candidate interface com.infinity.app.repo.MessageRepo; If you want this repository to be a LDAP repository, consider annotating your entities with one of these annotations: org.springframework.ldap.odm.annotations.Entry (preferred), or consider extending one of the following types with your repository: org.springframework.data.ldap.repository.LdapRepository
2026-09-12T14:46:57.198+01:00  INFO 2736 --- [SecureAtmLoggerSpringBootSSO] [restartedMain] .RepositoryConfigurationExtensionSupport : Spring Data LDAP - Could not safely identify store assignment for repository candidate interface com.infinity.app.repo.RegionRepo; If you want this repository to be a LDAP repository, consider annotating your entities with one of these annotations: org.springframework.ldap.odm.annotations.Entry (preferred), or consider extending one of the following types with your repository: org.springframework.data.ldap.repository.LdapRepository
2026-09-12T14:46:57.199+01:00  INFO 2736 --- [SecureAtmLoggerSpringBootSSO] [restartedMain] .RepositoryConfigurationExtensionSupport : Spring Data LDAP - Could not safely identify store assignment for repository candidate interface com.infinity.app.repo.TerminalRepo; If you want this repository to be a LDAP repository, consider annotating your entities with one of these annotations: org.springframework.ldap.odm.annotations.Entry (preferred), or consider extending one of the following types with your repository: org.springframework.data.ldap.repository.LdapRepository
2026-09-12T14:46:57.199+01:00  INFO 2736 --- [SecureAtmLoggerSpringBootSSO] [restartedMain] .RepositoryConfigurationExtensionSupport : Spring Data LDAP - Could not safely identify store assignment for repository candidate interface com.infinity.app.repo.VendorContactRepo; If you want this repository to be a LDAP repository, consider annotating your entities with one of these annotations: org.springframework.ldap.odm.annotations.Entry (preferred), or consider extending one of the following types with your repository: org.springframework.data.ldap.repository.LdapRepository
2026-09-12T14:46:57.199+01:00  INFO 2736 --- [SecureAtmLoggerSpringBootSSO] [restartedMain] .RepositoryConfigurationExtensionSupport : Spring Data LDAP - Could not safely identify store assignment for repository candidate interface com.infinity.app.repo.VendorRepo; If you want this repository to be a LDAP repository, consider annotating your entities with one of these annotations: org.springframework.ldap.odm.annotations.Entry (preferred), or consider extending one of the following types with your repository: org.springframework.data.ldap.repository.LdapRepository
2026-09-12T14:46:57.200+01:00  INFO 2736 --- [SecureAtmLoggerSpringBootSSO] [restartedMain] .s.d.r.c.RepositoryConfigurationDelegate : Finished Spring Data repository scanning in 9 ms. Found 0 LDAP repository interfaces.
2026-09-12T14:46:57.381+01:00  INFO 2736 --- [SecureAtmLoggerSpringBootSSO] [restartedMain] o.s.boot.tomcat.TomcatWebServer          : Tomcat initialized with port 9442 (https)
2026-09-12T14:46:57.382+01:00  INFO 2736 --- [SecureAtmLoggerSpringBootSSO] [restartedMain] o.apache.catalina.core.StandardService   : Starting service [Tomcat]
2026-09-12T14:46:57.382+01:00  INFO 2736 --- [SecureAtmLoggerSpringBootSSO] [restartedMain] o.apache.catalina.core.StandardEngine    : Starting Servlet engine: [Apache Tomcat/11.0.22]
2026-09-12T14:46:57.400+01:00  INFO 2736 --- [SecureAtmLoggerSpringBootSSO] [restartedMain] b.w.c.s.WebApplicationContextInitializer : Root WebApplicationContext: initialization completed in 884 ms
2026-09-12T14:46:57.425+01:00  INFO 2736 --- [SecureAtmLoggerSpringBootSSO] [restartedMain] com.zaxxer.hikari.HikariDataSource       : HikariPool-3 - Starting...
2026-09-12T14:46:57.455+01:00  INFO 2736 --- [SecureAtmLoggerSpringBootSSO] [restartedMain] com.zaxxer.hikari.pool.HikariPool        : HikariPool-3 - Added connection ConnectionID:21 ClientConnectionId: 7987c2db-45e2-4f2a-b60c-15fcb63103cb
2026-09-12T14:46:57.456+01:00  INFO 2736 --- [SecureAtmLoggerSpringBootSSO] [restartedMain] com.zaxxer.hikari.HikariDataSource       : HikariPool-3 - Start completed.
2026-09-12T14:46:57.466+01:00  INFO 2736 --- [SecureAtmLoggerSpringBootSSO] [restartedMain] org.hibernate.orm.jpa                    : HHH008540: Processing PersistenceUnitInfo [name: default]
2026-09-12T14:46:57.471+01:00  INFO 2736 --- [SecureAtmLoggerSpringBootSSO] [restartedMain] org.hibernate.orm.cache                  : HHH90001028: Second-level cache region factory [org.hibernate.cache.jcache.internal.JCacheRegionFactory]
2026-09-12T14:46:57.531+01:00  INFO 2736 --- [SecureAtmLoggerSpringBootSSO] [restartedMain] o.s.o.j.p.SpringPersistenceUnitInfo      : No LoadTimeWeaver setup: ignoring JPA class transformer
2026-09-12T14:46:57.612+01:00  WARN 2736 --- [SecureAtmLoggerSpringBootSSO] [restartedMain] org.hibernate.orm.deprecation            : HHH90000025: SQLServerDialect does not need to be specified explicitly using 'hibernate.dialect' (remove the property setting and it will be selected by default)
2026-09-12T14:46:57.616+01:00  INFO 2736 --- [SecureAtmLoggerSpringBootSSO] [restartedMain] org.hibernate.orm.connections.pooling    : HHH10001005: Database info:
	Database JDBC URL [jdbc:sqlserver://localhost:1433;concatNullYieldsNull=ON;quotedIdentifier=ON;connectRetryInterval=10;connectRetryCount=1;maxResultBuffer=-1;sendTemporalDataTypesAsStringForBulkCopy=true;delayLoadingLobs=true;useFmtOnly=false;vectorTypeSupport=v1;cacheBulkCopyMetadata=false;bulkCopyForBatchInsertAllowEncryptedValueModifications=false;bulkCopyForBatchInsertTableLock=false;bulkCopyForBatchInsertKeepNulls=false;bulkCopyForBatchInsertKeepIdentity=false;bulkCopyForBatchInsertFireTriggers=false;bulkCopyForBatchInsertCheckConstraints=false;bulkCopyForBatchInsertBatchSize=0;useBulkCopyForBatchInsert=false;cancelQueryTimeout=-1;sslProtocol=TLS;calcBigDecimalPrecision=false;useDefaultJaasConfig=false;jaasConfigurationName=SQLJDBCDriver;statementPoolingCacheSize=0;serverPreparedStatementDiscardThreshold=10;enablePrepareOnFirstPreparedStatementCall=false;fips=false;socketTimeout=0;authentication=NotSpecified;authenticationScheme=nativeAuthentication;xopenStates=false;datetimeParameterType=datetime2;sendTimeAsDatetime=true;replication=false;trustStoreType=JKS;trustServerCertificate=true;TransparentNetworkIPResolution=true;iPAddressPreference=IPv4First;serverNameAsACE=false;sendStringParametersAsUnicode=true;selectMethod=direct;responseBuffering=adaptive;queryTimeout=-1;packetSize=8000;multiSubnetFailover=false;loginTimeout=30;lockTimeout=-1;lastUpdateCount=true;useDefaultGSSCredential=false;prepareMethod=prepexec;encrypt=true;disableStatementPooling=true;databaseName=SecureAtmIssueLogger;columnEncryptionSetting=Disabled;applicationName=Microsoft JDBC Driver for SQL Server;applicationIntent=readwrite;]
	Database driver: Microsoft JDBC Driver 13.4 for SQL Server
	Database dialect: SQLServerDialect
	Database version: 16.0
	Default catalog/schema: SecureAtmIssueLogger/dbo
	Autocommit mode: undefined/unknown
	Isolation level: READ_COMMITTED [default READ_COMMITTED]
	JDBC fetch size: 128
	Pool: DataSourceConnectionProvider
	Minimum pool size: undefined/unknown
	Maximum pool size: undefined/unknown
2026-09-12T14:46:57.949+01:00  INFO 2736 --- [SecureAtmLoggerSpringBootSSO] [restartedMain] org.hibernate.orm.core                   : HHH000489: No JTA platform available (set 'hibernate.transaction.jta.platform' to enable JTA platform integration)
2026-09-12T14:47:00.791+01:00  INFO 2736 --- [SecureAtmLoggerSpringBootSSO] [restartedMain] j.LocalContainerEntityManagerFactoryBean : Initialized JPA EntityManagerFactory for persistence unit 'default'
2026-09-12T14:47:00.999+01:00 DEBUG 2736 --- [SecureAtmLoggerSpringBootSSO] [restartedMain] o.s.l.c.support.AbstractContextSource    : AuthenticationSource not set - using default implementation
2026-09-12T14:47:00.999+01:00 DEBUG 2736 --- [SecureAtmLoggerSpringBootSSO] [restartedMain] o.s.l.c.support.AbstractContextSource    : Not using LDAP pooling
2026-09-12T14:47:00.999+01:00 DEBUG 2736 --- [SecureAtmLoggerSpringBootSSO] [restartedMain] o.s.l.c.support.AbstractContextSource    : Trying provider Urls: ldaps://localhost:10636/ou=system
2026-09-12T14:47:01.000+01:00  INFO 2736 --- [SecureAtmLoggerSpringBootSSO] [restartedMain] o.s.s.l.s.FilterBasedLdapUserSearch      : Searches will be performed from the root ou=system since SearchBase not set
2026-09-12T14:47:01.085+01:00  WARN 2736 --- [SecureAtmLoggerSpringBootSSO] [restartedMain] JpaBaseConfiguration$JpaWebConfiguration : spring.jpa.open-in-view is enabled by default. Therefore, database queries may be performed during view rendering. Explicitly configure spring.jpa.open-in-view to disable this warning
2026-09-12T14:47:01.362+01:00  INFO 2736 --- [SecureAtmLoggerSpringBootSSO] [restartedMain] o.a.t.util.net.NioEndpoint.certificate   : Connector [https-jsse-nio-9442], TLS virtual host [_default_], certificate type [UNDEFINED] configured from keystore [Set directly - location unknown] using alias [server] with trust store [C:\Users\IKENNA~1\AppData\Local\Temp\ldap-truststore17749226179042425199.jks]
2026-09-12T14:47:01.367+01:00  INFO 2736 --- [SecureAtmLoggerSpringBootSSO] [restartedMain] o.s.boot.tomcat.TomcatWebServer          : Tomcat started on port 9442 (https) with context path '/'
2026-09-12T14:47:01.370+01:00  INFO 2736 --- [SecureAtmLoggerSpringBootSSO] [restartedMain] c.i.app.AtmIssueLoggerApplication        : Started AtmIssueLoggerApplication in 4.896 seconds (process running for 158.95)
2026-09-12T14:47:01.372+01:00  INFO 2736 --- [SecureAtmLoggerSpringBootSSO] [restartedMain] .ConditionEvaluationDeltaLoggingListener : Condition evaluation unchanged
2026-09-12T14:47:26.538+01:00  INFO 2736 --- [SecureAtmLoggerSpringBootSSO] [https-jsse-nio-9442-exec-6] o.a.c.c.C.[Tomcat].[localhost].[/]       : Initializing Spring DispatcherServlet 'dispatcherServlet'
2026-09-12T14:47:26.539+01:00  INFO 2736 --- [SecureAtmLoggerSpringBootSSO] [https-jsse-nio-9442-exec-6] o.s.web.servlet.DispatcherServlet        : Initializing Servlet 'dispatcherServlet'
2026-09-12T14:47:26.541+01:00  INFO 2736 --- [SecureAtmLoggerSpringBootSSO] [https-jsse-nio-9442-exec-6] o.s.web.servlet.DispatcherServlet        : Completed initialization in 2 ms
2026-09-12T14:48:07.638+01:00  INFO 2736 --- [SecureAtmLoggerSpringBootSSO] [https-jsse-nio-9442-exec-8] c.i.a.c.AtmIssueLoggerController         : Form submitted successfully. AtmIssue [id=51, terminalId=10700166, atmFaults=[com.infinity.app.model.AtmFault@860e7db7, com.infinity.app.model.AtmFault@449efb47], otherFaultDesc=null, branchLogger=Ikenna Shonowo, loggerEmail=aa@fidelitybank.ng, loggerPhoneNo=08012345678, logDate=Sat Sep 12 14:48:07 WAT 2026, supportEmail=ATMTechnicalSupport@fidelitybank.ng;Adamma.Ezimora@fidelitybank.ng, contact=helpdesk@altaviz.com;timothy@altaviz.com, branchEmail=headofficetsd@fidelitybank.ng, branchName=CORPORATE, atmName=HO_GRG_01, physicalAddress=2 Kofo Abayomi Street, Victoria Island, Lagos, vendorName=Altaviz, userEmail=ikenna@shonowo.com]
2026-09-12T14:48:35.654+01:00  INFO 2736 --- [SecureAtmLoggerSpringBootSSO] [https-jsse-nio-9442-exec-10] c.i.app.controller.EmailIssueController  : Received emailIssueMessage EmailIssueMessageDto [fromEmail=ikenna@shonowo.com, toEmail=helpdesk@altaviz.com;timothy@altaviz.com, cc=ATMTechnicalSupport@fidelitybank.ng;Adamma.Ezimora@fidelitybank.ng;aa@fidelitybank.ng;headofficetsd@fidelitybank.ng, subject=FIDELITY BANK: 10700166 HO_GRG_01: Cassette/Slot Issue, Ups Issues, mIntro=Dear all, kindly attend to this request., physicalAddress=2 Kofo Abayomi Street, Victoria Island, Lagos, branchName=CORPORATE, vendorName=Altaviz, atmFaults=[com.infinity.app.model.AtmFault@860e7db7, com.infinity.app.model.AtmFault@449efb47], otherFaultDesc=null, branchLogger=Ikenna Shonowo, loggerPhone=08012345678, dateLogged=Sat Sep 12 14:48:07 WAT 2026, mEnd=Thanks.]
2026-09-12T14:48:41.295+01:00  INFO 2736 --- [SecureAtmLoggerSpringBootSSO] [https-jsse-nio-9442-exec-7] c.i.app.controller.EmailIssueController  : Received emailIssueMessage EmailIssueMessageDto [fromEmail=ikenna@shonowo.com, toEmail=helpdesk@altaviz.com;timothy@altaviz.com, cc=ATMTechnicalSupport@fidelitybank.ng;Adamma.Ezimora@fidelitybank.ng;aa@fidelitybank.ng;headofficetsd@fidelitybank.ng, subject=FIDELITY BANK: 10700166 HO_GRG_01: Cassette/Slot Issue, Ups Issues, mIntro=Dear all, kindly attend to this request., physicalAddress=2 Kofo Abayomi Street, Victoria Island, Lagos, branchName=CORPORATE, vendorName=Altaviz, atmFaults=[com.infinity.app.model.AtmFault@860e7db7, com.infinity.app.model.AtmFault@449efb47], otherFaultDesc=null, branchLogger=Ikenna Shonowo, loggerPhone=08012345678, dateLogged=Sat Sep 12 14:48:07 WAT 2026, mEnd=Thanks.]
2026-09-12T14:49:27.261+01:00  INFO 37012 --- [SecureAtmLoggerSpringBootSSO] [restartedMain] c.i.app.AtmIssueLoggerApplication        : Starting AtmIssueLoggerApplication using Java 25.0.2 with PID 37012 (C:\Users\Ikenna Shonowo\Documents\Projects\SpringBoot\AtmLoggerSpringBootSSO\target\classes started by Ikenna Shonowo in C:\Users\Ikenna Shonowo\Documents\Projects\SpringBoot\AtmLoggerSpringBootSSO)
2026-09-12T14:49:27.261+01:00  INFO 37012 --- [SecureAtmLoggerSpringBootSSO] [restartedMain] c.i.app.AtmIssueLoggerApplication        : No active profile set, falling back to 1 default profile: "default"
2026-09-12T14:49:27.388+01:00  INFO 37012 --- [SecureAtmLoggerSpringBootSSO] [restartedMain] .e.DevToolsPropertyDefaultsPostProcessor : Devtools property defaults active! Set 'spring.devtools.add-properties' to 'false' to disable
2026-09-12T14:49:27.388+01:00  INFO 37012 --- [SecureAtmLoggerSpringBootSSO] [restartedMain] .e.DevToolsPropertyDefaultsPostProcessor : For additional web related logging consider setting the 'logging.level.web' property to 'DEBUG'
2026-09-12T14:49:29.284+01:00  INFO 37012 --- [SecureAtmLoggerSpringBootSSO] [restartedMain] .s.d.r.c.RepositoryConfigurationDelegate : Multiple Spring Data modules found, entering strict repository configuration mode
2026-09-12T14:49:29.291+01:00  INFO 37012 --- [SecureAtmLoggerSpringBootSSO] [restartedMain] .s.d.r.c.RepositoryConfigurationDelegate : Bootstrapping Spring Data JPA repositories in DEFAULT mode.
2026-09-12T14:49:29.498+01:00  INFO 37012 --- [SecureAtmLoggerSpringBootSSO] [restartedMain] .s.d.r.c.RepositoryConfigurationDelegate : Finished Spring Data repository scanning in 188 ms. Found 12 JPA repository interfaces.
2026-09-12T14:49:29.530+01:00  INFO 37012 --- [SecureAtmLoggerSpringBootSSO] [restartedMain] .s.d.r.c.RepositoryConfigurationDelegate : Multiple Spring Data modules found, entering strict repository configuration mode
2026-09-12T14:49:29.531+01:00  INFO 37012 --- [SecureAtmLoggerSpringBootSSO] [restartedMain] .s.d.r.c.RepositoryConfigurationDelegate : Bootstrapping Spring Data LDAP repositories in DEFAULT mode.
2026-09-12T14:49:29.544+01:00  INFO 37012 --- [SecureAtmLoggerSpringBootSSO] [restartedMain] .RepositoryConfigurationExtensionSupport : Spring Data LDAP - Could not safely identify store assignment for repository candidate interface com.infinity.app.repo.AtmDetailRepo; If you want this repository to be a LDAP repository, consider annotating your entities with one of these annotations: org.springframework.ldap.odm.annotations.Entry (preferred), or consider extending one of the following types with your repository: org.springframework.data.ldap.repository.LdapRepository
2026-09-12T14:49:29.546+01:00  INFO 37012 --- [SecureAtmLoggerSpringBootSSO] [restartedMain] .RepositoryConfigurationExtensionSupport : Spring Data LDAP - Could not safely identify store assignment for repository candidate interface com.infinity.app.repo.AtmFaultRepo; If you want this repository to be a LDAP repository, consider annotating your entities with one of these annotations: org.springframework.ldap.odm.annotations.Entry (preferred), or consider extending one of the following types with your repository: org.springframework.data.ldap.repository.LdapRepository
2026-09-12T14:49:29.546+01:00  INFO 37012 --- [SecureAtmLoggerSpringBootSSO] [restartedMain] .RepositoryConfigurationExtensionSupport : Spring Data LDAP - Could not safely identify store assignment for repository candidate interface com.infinity.app.repo.AtmIssueRepo; If you want this repository to be a LDAP repository, consider annotating your entities with one of these annotations: org.springframework.ldap.odm.annotations.Entry (preferred), or consider extending one of the following types with your repository: org.springframework.data.ldap.repository.LdapRepository
2026-09-12T14:49:29.546+01:00  INFO 37012 --- [SecureAtmLoggerSpringBootSSO] [restartedMain] .RepositoryConfigurationExtensionSupport : Spring Data LDAP - Could not safely identify store assignment for repository candidate interface com.infinity.app.repo.BranchRepo; If you want this repository to be a LDAP repository, consider annotating your entities with one of these annotations: org.springframework.ldap.odm.annotations.Entry (preferred), or consider extending one of the following types with your repository: org.springframework.data.ldap.repository.LdapRepository
2026-09-12T14:49:29.546+01:00  INFO 37012 --- [SecureAtmLoggerSpringBootSSO] [restartedMain] .RepositoryConfigurationExtensionSupport : Spring Data LDAP - Could not safely identify store assignment for repository candidate interface com.infinity.app.repo.CallStatusRepo; If you want this repository to be a LDAP repository, consider annotating your entities with one of these annotations: org.springframework.ldap.odm.annotations.Entry (preferred), or consider extending one of the following types with your repository: org.springframework.data.ldap.repository.LdapRepository
2026-09-12T14:49:29.546+01:00  INFO 37012 --- [SecureAtmLoggerSpringBootSSO] [restartedMain] .RepositoryConfigurationExtensionSupport : Spring Data LDAP - Could not safely identify store assignment for repository candidate interface com.infinity.app.repo.EmailIssueRepo; If you want this repository to be a LDAP repository, consider annotating your entities with one of these annotations: org.springframework.ldap.odm.annotations.Entry (preferred), or consider extending one of the following types with your repository: org.springframework.data.ldap.repository.LdapRepository
2026-09-12T14:49:29.546+01:00  INFO 37012 --- [SecureAtmLoggerSpringBootSSO] [restartedMain] .RepositoryConfigurationExtensionSupport : Spring Data LDAP - Could not safely identify store assignment for repository candidate interface com.infinity.app.repo.LoggedCallRepo; If you want this repository to be a LDAP repository, consider annotating your entities with one of these annotations: org.springframework.ldap.odm.annotations.Entry (preferred), or consider extending one of the following types with your repository: org.springframework.data.ldap.repository.LdapRepository
2026-09-12T14:49:29.546+01:00  INFO 37012 --- [SecureAtmLoggerSpringBootSSO] [restartedMain] .RepositoryConfigurationExtensionSupport : Spring Data LDAP - Could not safely identify store assignment for repository candidate interface com.infinity.app.repo.MessageRepo; If you want this repository to be a LDAP repository, consider annotating your entities with one of these annotations: org.springframework.ldap.odm.annotations.Entry (preferred), or consider extending one of the following types with your repository: org.springframework.data.ldap.repository.LdapRepository
2026-09-12T14:49:29.546+01:00  INFO 37012 --- [SecureAtmLoggerSpringBootSSO] [restartedMain] .RepositoryConfigurationExtensionSupport : Spring Data LDAP - Could not safely identify store assignment for repository candidate interface com.infinity.app.repo.RegionRepo; If you want this repository to be a LDAP repository, consider annotating your entities with one of these annotations: org.springframework.ldap.odm.annotations.Entry (preferred), or consider extending one of the following types with your repository: org.springframework.data.ldap.repository.LdapRepository
2026-09-12T14:49:29.546+01:00  INFO 37012 --- [SecureAtmLoggerSpringBootSSO] [restartedMain] .RepositoryConfigurationExtensionSupport : Spring Data LDAP - Could not safely identify store assignment for repository candidate interface com.infinity.app.repo.TerminalRepo; If you want this repository to be a LDAP repository, consider annotating your entities with one of these annotations: org.springframework.ldap.odm.annotations.Entry (preferred), or consider extending one of the following types with your repository: org.springframework.data.ldap.repository.LdapRepository
2026-09-12T14:49:29.546+01:00  INFO 37012 --- [SecureAtmLoggerSpringBootSSO] [restartedMain] .RepositoryConfigurationExtensionSupport : Spring Data LDAP - Could not safely identify store assignment for repository candidate interface com.infinity.app.repo.VendorContactRepo; If you want this repository to be a LDAP repository, consider annotating your entities with one of these annotations: org.springframework.ldap.odm.annotations.Entry (preferred), or consider extending one of the following types with your repository: org.springframework.data.ldap.repository.LdapRepository
2026-09-12T14:49:29.546+01:00  INFO 37012 --- [SecureAtmLoggerSpringBootSSO] [restartedMain] .RepositoryConfigurationExtensionSupport : Spring Data LDAP - Could not safely identify store assignment for repository candidate interface com.infinity.app.repo.VendorRepo; If you want this repository to be a LDAP repository, consider annotating your entities with one of these annotations: org.springframework.ldap.odm.annotations.Entry (preferred), or consider extending one of the following types with your repository: org.springframework.data.ldap.repository.LdapRepository
2026-09-12T14:49:29.546+01:00  INFO 37012 --- [SecureAtmLoggerSpringBootSSO] [restartedMain] .s.d.r.c.RepositoryConfigurationDelegate : Finished Spring Data repository scanning in 17 ms. Found 0 LDAP repository interfaces.
2026-09-12T14:49:30.858+01:00  INFO 37012 --- [SecureAtmLoggerSpringBootSSO] [restartedMain] o.s.boot.tomcat.TomcatWebServer          : Tomcat initialized with port 9442 (https)
2026-09-12T14:49:30.881+01:00  INFO 37012 --- [SecureAtmLoggerSpringBootSSO] [restartedMain] o.apache.catalina.core.StandardService   : Starting service [Tomcat]
2026-09-12T14:49:30.895+01:00  INFO 37012 --- [SecureAtmLoggerSpringBootSSO] [restartedMain] o.apache.catalina.core.StandardEngine    : Starting Servlet engine: [Apache Tomcat/11.0.22]
2026-09-12T14:49:31.049+01:00  INFO 37012 --- [SecureAtmLoggerSpringBootSSO] [restartedMain] b.w.c.s.WebApplicationContextInitializer : Root WebApplicationContext: initialization completed in 3659 ms
2026-09-12T14:49:31.446+01:00  INFO 37012 --- [SecureAtmLoggerSpringBootSSO] [restartedMain] com.zaxxer.hikari.HikariDataSource       : HikariPool-1 - Starting...
2026-09-12T14:49:32.099+01:00  INFO 37012 --- [SecureAtmLoggerSpringBootSSO] [restartedMain] com.zaxxer.hikari.pool.HikariPool        : HikariPool-1 - Added connection ConnectionID:1 ClientConnectionId: 77fcbfb6-4f41-4e58-8e73-5b5e1d07f60b
2026-09-12T14:49:32.106+01:00  INFO 37012 --- [SecureAtmLoggerSpringBootSSO] [restartedMain] com.zaxxer.hikari.HikariDataSource       : HikariPool-1 - Start completed.
2026-09-12T14:49:32.309+01:00  INFO 37012 --- [SecureAtmLoggerSpringBootSSO] [restartedMain] org.hibernate.orm.jpa                    : HHH008540: Processing PersistenceUnitInfo [name: default]
2026-09-12T14:49:32.522+01:00  INFO 37012 --- [SecureAtmLoggerSpringBootSSO] [restartedMain] org.hibernate.orm.core                   : HHH000001: Hibernate ORM core version 7.4.1.Final
2026-09-12T14:49:32.625+01:00  INFO 37012 --- [SecureAtmLoggerSpringBootSSO] [restartedMain] org.hibernate.orm.cache                  : HHH90001028: Second-level cache region factory [org.hibernate.cache.jcache.internal.JCacheRegionFactory]
2026-09-12T14:49:34.035+01:00  INFO 37012 --- [SecureAtmLoggerSpringBootSSO] [restartedMain] o.s.o.j.p.SpringPersistenceUnitInfo      : No LoadTimeWeaver setup: ignoring JPA class transformer
2026-09-12T14:49:34.332+01:00  WARN 37012 --- [SecureAtmLoggerSpringBootSSO] [restartedMain] org.hibernate.orm.deprecation            : HHH90000025: SQLServerDialect does not need to be specified explicitly using 'hibernate.dialect' (remove the property setting and it will be selected by default)
2026-09-12T14:49:34.370+01:00  INFO 37012 --- [SecureAtmLoggerSpringBootSSO] [restartedMain] org.hibernate.orm.connections.pooling    : HHH10001005: Database info:
	Database JDBC URL [jdbc:sqlserver://localhost:1433;concatNullYieldsNull=ON;quotedIdentifier=ON;connectRetryInterval=10;connectRetryCount=1;maxResultBuffer=-1;sendTemporalDataTypesAsStringForBulkCopy=true;delayLoadingLobs=true;useFmtOnly=false;vectorTypeSupport=v1;cacheBulkCopyMetadata=false;bulkCopyForBatchInsertAllowEncryptedValueModifications=false;bulkCopyForBatchInsertTableLock=false;bulkCopyForBatchInsertKeepNulls=false;bulkCopyForBatchInsertKeepIdentity=false;bulkCopyForBatchInsertFireTriggers=false;bulkCopyForBatchInsertCheckConstraints=false;bulkCopyForBatchInsertBatchSize=0;useBulkCopyForBatchInsert=false;cancelQueryTimeout=-1;sslProtocol=TLS;calcBigDecimalPrecision=false;useDefaultJaasConfig=false;jaasConfigurationName=SQLJDBCDriver;statementPoolingCacheSize=0;serverPreparedStatementDiscardThreshold=10;enablePrepareOnFirstPreparedStatementCall=false;fips=false;socketTimeout=0;authentication=NotSpecified;authenticationScheme=nativeAuthentication;xopenStates=false;datetimeParameterType=datetime2;sendTimeAsDatetime=true;replication=false;trustStoreType=JKS;trustServerCertificate=true;TransparentNetworkIPResolution=true;iPAddressPreference=IPv4First;serverNameAsACE=false;sendStringParametersAsUnicode=true;selectMethod=direct;responseBuffering=adaptive;queryTimeout=-1;packetSize=8000;multiSubnetFailover=false;loginTimeout=30;lockTimeout=-1;lastUpdateCount=true;useDefaultGSSCredential=false;prepareMethod=prepexec;encrypt=true;disableStatementPooling=true;databaseName=SecureAtmIssueLogger;columnEncryptionSetting=Disabled;applicationName=Microsoft JDBC Driver for SQL Server;applicationIntent=readwrite;]
	Database driver: Microsoft JDBC Driver 13.4 for SQL Server
	Database dialect: SQLServerDialect
	Database version: 16.0
	Default catalog/schema: SecureAtmIssueLogger/dbo
	Autocommit mode: undefined/unknown
	Isolation level: READ_COMMITTED [default READ_COMMITTED]
	JDBC fetch size: 128
	Pool: DataSourceConnectionProvider
	Minimum pool size: undefined/unknown
	Maximum pool size: undefined/unknown
2026-09-12T14:49:37.689+01:00  INFO 37012 --- [SecureAtmLoggerSpringBootSSO] [restartedMain] org.hibernate.orm.core                   : HHH000489: No JTA platform available (set 'hibernate.transaction.jta.platform' to enable JTA platform integration)
2026-09-12T14:49:40.573+01:00  INFO 37012 --- [SecureAtmLoggerSpringBootSSO] [restartedMain] j.LocalContainerEntityManagerFactoryBean : Initialized JPA EntityManagerFactory for persistence unit 'default'
2026-09-12T14:49:40.678+01:00  INFO 37012 --- [SecureAtmLoggerSpringBootSSO] [restartedMain] o.s.d.j.r.query.QueryEnhancerFactories   : Hibernate is in classpath; If applicable, HQL parser will be used.
2026-09-12T14:49:41.844+01:00 DEBUG 37012 --- [SecureAtmLoggerSpringBootSSO] [restartedMain] o.s.l.c.support.AbstractContextSource    : AuthenticationSource not set - using default implementation
2026-09-12T14:49:41.844+01:00 DEBUG 37012 --- [SecureAtmLoggerSpringBootSSO] [restartedMain] o.s.l.c.support.AbstractContextSource    : Not using LDAP pooling
2026-09-12T14:49:41.848+01:00 DEBUG 37012 --- [SecureAtmLoggerSpringBootSSO] [restartedMain] o.s.l.c.support.AbstractContextSource    : Trying provider Urls: ldaps://localhost:10636/ou=system
2026-09-12T14:49:41.855+01:00  INFO 37012 --- [SecureAtmLoggerSpringBootSSO] [restartedMain] o.s.s.l.s.FilterBasedLdapUserSearch      : Searches will be performed from the root ou=system since SearchBase not set
2026-09-12T14:49:42.139+01:00  WARN 37012 --- [SecureAtmLoggerSpringBootSSO] [restartedMain] JpaBaseConfiguration$JpaWebConfiguration : spring.jpa.open-in-view is enabled by default. Therefore, database queries may be performed during view rendering. Explicitly configure spring.jpa.open-in-view to disable this warning
2026-09-12T14:49:42.869+01:00  INFO 37012 --- [SecureAtmLoggerSpringBootSSO] [restartedMain] o.a.t.util.net.NioEndpoint.certificate   : Connector [https-jsse-nio-9442], TLS virtual host [_default_], certificate type [UNDEFINED] configured from keystore [Set directly - location unknown] using alias [server] with trust store [C:\Users\IKENNA~1\AppData\Local\Temp\ldap-truststore11792858573914015444.jks]
2026-09-12T14:49:42.900+01:00  INFO 37012 --- [SecureAtmLoggerSpringBootSSO] [restartedMain] o.s.boot.tomcat.TomcatWebServer          : Tomcat started on port 9442 (https) with context path '/'
2026-09-12T14:49:42.908+01:00  INFO 37012 --- [SecureAtmLoggerSpringBootSSO] [restartedMain] c.i.app.AtmIssueLoggerApplication        : Started AtmIssueLoggerApplication in 16.886 seconds (process running for 19.355)
2026-09-12T14:50:16.319+01:00  INFO 5068 --- [SecureAtmLoggerSpringBootSSO] [restartedMain] c.i.app.AtmIssueLoggerApplication        : Starting AtmIssueLoggerApplication using Java 25.0.2 with PID 5068 (C:\Users\Ikenna Shonowo\Documents\Projects\SpringBoot\AtmLoggerSpringBootSSO\target\classes started by Ikenna Shonowo in C:\Users\Ikenna Shonowo\Documents\Projects\SpringBoot\AtmLoggerSpringBootSSO)
2026-09-12T14:50:16.322+01:00  INFO 5068 --- [SecureAtmLoggerSpringBootSSO] [restartedMain] c.i.app.AtmIssueLoggerApplication        : No active profile set, falling back to 1 default profile: "default"
2026-09-12T14:50:16.386+01:00  INFO 5068 --- [SecureAtmLoggerSpringBootSSO] [restartedMain] .e.DevToolsPropertyDefaultsPostProcessor : Devtools property defaults active! Set 'spring.devtools.add-properties' to 'false' to disable
2026-09-12T14:50:16.386+01:00  INFO 5068 --- [SecureAtmLoggerSpringBootSSO] [restartedMain] .e.DevToolsPropertyDefaultsPostProcessor : For additional web related logging consider setting the 'logging.level.web' property to 'DEBUG'
2026-09-12T14:50:17.240+01:00  INFO 5068 --- [SecureAtmLoggerSpringBootSSO] [restartedMain] .s.d.r.c.RepositoryConfigurationDelegate : Multiple Spring Data modules found, entering strict repository configuration mode
2026-09-12T14:50:17.243+01:00  INFO 5068 --- [SecureAtmLoggerSpringBootSSO] [restartedMain] .s.d.r.c.RepositoryConfigurationDelegate : Bootstrapping Spring Data JPA repositories in DEFAULT mode.
2026-09-12T14:50:17.357+01:00  INFO 5068 --- [SecureAtmLoggerSpringBootSSO] [restartedMain] .s.d.r.c.RepositoryConfigurationDelegate : Finished Spring Data repository scanning in 99 ms. Found 12 JPA repository interfaces.
2026-09-12T14:50:17.372+01:00  INFO 5068 --- [SecureAtmLoggerSpringBootSSO] [restartedMain] .s.d.r.c.RepositoryConfigurationDelegate : Multiple Spring Data modules found, entering strict repository configuration mode
2026-09-12T14:50:17.373+01:00  INFO 5068 --- [SecureAtmLoggerSpringBootSSO] [restartedMain] .s.d.r.c.RepositoryConfigurationDelegate : Bootstrapping Spring Data LDAP repositories in DEFAULT mode.
2026-09-12T14:50:17.383+01:00  INFO 5068 --- [SecureAtmLoggerSpringBootSSO] [restartedMain] .RepositoryConfigurationExtensionSupport : Spring Data LDAP - Could not safely identify store assignment for repository candidate interface com.infinity.app.repo.AtmDetailRepo; If you want this repository to be a LDAP repository, consider annotating your entities with one of these annotations: org.springframework.ldap.odm.annotations.Entry (preferred), or consider extending one of the following types with your repository: org.springframework.data.ldap.repository.LdapRepository
2026-09-12T14:50:17.385+01:00  INFO 5068 --- [SecureAtmLoggerSpringBootSSO] [restartedMain] .RepositoryConfigurationExtensionSupport : Spring Data LDAP - Could not safely identify store assignment for repository candidate interface com.infinity.app.repo.AtmFaultRepo; If you want this repository to be a LDAP repository, consider annotating your entities with one of these annotations: org.springframework.ldap.odm.annotations.Entry (preferred), or consider extending one of the following types with your repository: org.springframework.data.ldap.repository.LdapRepository
2026-09-12T14:50:17.386+01:00  INFO 5068 --- [SecureAtmLoggerSpringBootSSO] [restartedMain] .RepositoryConfigurationExtensionSupport : Spring Data LDAP - Could not safely identify store assignment for repository candidate interface com.infinity.app.repo.AtmIssueRepo; If you want this repository to be a LDAP repository, consider annotating your entities with one of these annotations: org.springframework.ldap.odm.annotations.Entry (preferred), or consider extending one of the following types with your repository: org.springframework.data.ldap.repository.LdapRepository
2026-09-12T14:50:17.386+01:00  INFO 5068 --- [SecureAtmLoggerSpringBootSSO] [restartedMain] .RepositoryConfigurationExtensionSupport : Spring Data LDAP - Could not safely identify store assignment for repository candidate interface com.infinity.app.repo.BranchRepo; If you want this repository to be a LDAP repository, consider annotating your entities with one of these annotations: org.springframework.ldap.odm.annotations.Entry (preferred), or consider extending one of the following types with your repository: org.springframework.data.ldap.repository.LdapRepository
2026-09-12T14:50:17.387+01:00  INFO 5068 --- [SecureAtmLoggerSpringBootSSO] [restartedMain] .RepositoryConfigurationExtensionSupport : Spring Data LDAP - Could not safely identify store assignment for repository candidate interface com.infinity.app.repo.CallStatusRepo; If you want this repository to be a LDAP repository, consider annotating your entities with one of these annotations: org.springframework.ldap.odm.annotations.Entry (preferred), or consider extending one of the following types with your repository: org.springframework.data.ldap.repository.LdapRepository
2026-09-12T14:50:17.387+01:00  INFO 5068 --- [SecureAtmLoggerSpringBootSSO] [restartedMain] .RepositoryConfigurationExtensionSupport : Spring Data LDAP - Could not safely identify store assignment for repository candidate interface com.infinity.app.repo.EmailIssueRepo; If you want this repository to be a LDAP repository, consider annotating your entities with one of these annotations: org.springframework.ldap.odm.annotations.Entry (preferred), or consider extending one of the following types with your repository: org.springframework.data.ldap.repository.LdapRepository
2026-09-12T14:50:17.387+01:00  INFO 5068 --- [SecureAtmLoggerSpringBootSSO] [restartedMain] .RepositoryConfigurationExtensionSupport : Spring Data LDAP - Could not safely identify store assignment for repository candidate interface com.infinity.app.repo.LoggedCallRepo; If you want this repository to be a LDAP repository, consider annotating your entities with one of these annotations: org.springframework.ldap.odm.annotations.Entry (preferred), or consider extending one of the following types with your repository: org.springframework.data.ldap.repository.LdapRepository
2026-09-12T14:50:17.387+01:00  INFO 5068 --- [SecureAtmLoggerSpringBootSSO] [restartedMain] .RepositoryConfigurationExtensionSupport : Spring Data LDAP - Could not safely identify store assignment for repository candidate interface com.infinity.app.repo.MessageRepo; If you want this repository to be a LDAP repository, consider annotating your entities with one of these annotations: org.springframework.ldap.odm.annotations.Entry (preferred), or consider extending one of the following types with your repository: org.springframework.data.ldap.repository.LdapRepository
2026-09-12T14:50:17.387+01:00  INFO 5068 --- [SecureAtmLoggerSpringBootSSO] [restartedMain] .RepositoryConfigurationExtensionSupport : Spring Data LDAP - Could not safely identify store assignment for repository candidate interface com.infinity.app.repo.RegionRepo; If you want this repository to be a LDAP repository, consider annotating your entities with one of these annotations: org.springframework.ldap.odm.annotations.Entry (preferred), or consider extending one of the following types with your repository: org.springframework.data.ldap.repository.LdapRepository
2026-09-12T14:50:17.387+01:00  INFO 5068 --- [SecureAtmLoggerSpringBootSSO] [restartedMain] .RepositoryConfigurationExtensionSupport : Spring Data LDAP - Could not safely identify store assignment for repository candidate interface com.infinity.app.repo.TerminalRepo; If you want this repository to be a LDAP repository, consider annotating your entities with one of these annotations: org.springframework.ldap.odm.annotations.Entry (preferred), or consider extending one of the following types with your repository: org.springframework.data.ldap.repository.LdapRepository
2026-09-12T14:50:17.387+01:00  INFO 5068 --- [SecureAtmLoggerSpringBootSSO] [restartedMain] .RepositoryConfigurationExtensionSupport : Spring Data LDAP - Could not safely identify store assignment for repository candidate interface com.infinity.app.repo.VendorContactRepo; If you want this repository to be a LDAP repository, consider annotating your entities with one of these annotations: org.springframework.ldap.odm.annotations.Entry (preferred), or consider extending one of the following types with your repository: org.springframework.data.ldap.repository.LdapRepository
2026-09-12T14:50:17.388+01:00  INFO 5068 --- [SecureAtmLoggerSpringBootSSO] [restartedMain] .RepositoryConfigurationExtensionSupport : Spring Data LDAP - Could not safely identify store assignment for repository candidate interface com.infinity.app.repo.VendorRepo; If you want this repository to be a LDAP repository, consider annotating your entities with one of these annotations: org.springframework.ldap.odm.annotations.Entry (preferred), or consider extending one of the following types with your repository: org.springframework.data.ldap.repository.LdapRepository
2026-09-12T14:50:17.388+01:00  INFO 5068 --- [SecureAtmLoggerSpringBootSSO] [restartedMain] .s.d.r.c.RepositoryConfigurationDelegate : Finished Spring Data repository scanning in 12 ms. Found 0 LDAP repository interfaces.
2026-09-12T14:50:18.120+01:00  INFO 5068 --- [SecureAtmLoggerSpringBootSSO] [restartedMain] o.s.boot.tomcat.TomcatWebServer          : Tomcat initialized with port 9442 (https)
2026-09-12T14:50:18.141+01:00  INFO 5068 --- [SecureAtmLoggerSpringBootSSO] [restartedMain] o.apache.catalina.core.StandardService   : Starting service [Tomcat]
2026-09-12T14:50:18.141+01:00  INFO 5068 --- [SecureAtmLoggerSpringBootSSO] [restartedMain] o.apache.catalina.core.StandardEngine    : Starting Servlet engine: [Apache Tomcat/11.0.22]
2026-09-12T14:50:18.179+01:00  INFO 5068 --- [SecureAtmLoggerSpringBootSSO] [restartedMain] b.w.c.s.WebApplicationContextInitializer : Root WebApplicationContext: initialization completed in 1792 ms
2026-09-12T14:50:18.302+01:00  INFO 5068 --- [SecureAtmLoggerSpringBootSSO] [restartedMain] com.zaxxer.hikari.HikariDataSource       : HikariPool-1 - Starting...
2026-09-12T14:50:18.552+01:00  INFO 5068 --- [SecureAtmLoggerSpringBootSSO] [restartedMain] com.zaxxer.hikari.pool.HikariPool        : HikariPool-1 - Added connection ConnectionID:1 ClientConnectionId: 25460fee-071d-463c-b5cb-16816ef0dbb2
2026-09-12T14:50:18.556+01:00  INFO 5068 --- [SecureAtmLoggerSpringBootSSO] [restartedMain] com.zaxxer.hikari.HikariDataSource       : HikariPool-1 - Start completed.
2026-09-12T14:50:18.672+01:00  INFO 5068 --- [SecureAtmLoggerSpringBootSSO] [restartedMain] org.hibernate.orm.jpa                    : HHH008540: Processing PersistenceUnitInfo [name: default]
2026-09-12T14:50:18.758+01:00  INFO 5068 --- [SecureAtmLoggerSpringBootSSO] [restartedMain] org.hibernate.orm.core                   : HHH000001: Hibernate ORM core version 7.4.1.Final
2026-09-12T14:50:18.796+01:00  INFO 5068 --- [SecureAtmLoggerSpringBootSSO] [restartedMain] org.hibernate.orm.cache                  : HHH90001028: Second-level cache region factory [org.hibernate.cache.jcache.internal.JCacheRegionFactory]
2026-09-12T14:50:19.318+01:00  INFO 5068 --- [SecureAtmLoggerSpringBootSSO] [restartedMain] o.s.o.j.p.SpringPersistenceUnitInfo      : No LoadTimeWeaver setup: ignoring JPA class transformer
2026-09-12T14:50:19.479+01:00  WARN 5068 --- [SecureAtmLoggerSpringBootSSO] [restartedMain] org.hibernate.orm.deprecation            : HHH90000025: SQLServerDialect does not need to be specified explicitly using 'hibernate.dialect' (remove the property setting and it will be selected by default)
2026-09-12T14:50:19.500+01:00  INFO 5068 --- [SecureAtmLoggerSpringBootSSO] [restartedMain] org.hibernate.orm.connections.pooling    : HHH10001005: Database info:
	Database JDBC URL [jdbc:sqlserver://localhost:1433;concatNullYieldsNull=ON;quotedIdentifier=ON;connectRetryInterval=10;connectRetryCount=1;maxResultBuffer=-1;sendTemporalDataTypesAsStringForBulkCopy=true;delayLoadingLobs=true;useFmtOnly=false;vectorTypeSupport=v1;cacheBulkCopyMetadata=false;bulkCopyForBatchInsertAllowEncryptedValueModifications=false;bulkCopyForBatchInsertTableLock=false;bulkCopyForBatchInsertKeepNulls=false;bulkCopyForBatchInsertKeepIdentity=false;bulkCopyForBatchInsertFireTriggers=false;bulkCopyForBatchInsertCheckConstraints=false;bulkCopyForBatchInsertBatchSize=0;useBulkCopyForBatchInsert=false;cancelQueryTimeout=-1;sslProtocol=TLS;calcBigDecimalPrecision=false;useDefaultJaasConfig=false;jaasConfigurationName=SQLJDBCDriver;statementPoolingCacheSize=0;serverPreparedStatementDiscardThreshold=10;enablePrepareOnFirstPreparedStatementCall=false;fips=false;socketTimeout=0;authentication=NotSpecified;authenticationScheme=nativeAuthentication;xopenStates=false;datetimeParameterType=datetime2;sendTimeAsDatetime=true;replication=false;trustStoreType=JKS;trustServerCertificate=true;TransparentNetworkIPResolution=true;iPAddressPreference=IPv4First;serverNameAsACE=false;sendStringParametersAsUnicode=true;selectMethod=direct;responseBuffering=adaptive;queryTimeout=-1;packetSize=8000;multiSubnetFailover=false;loginTimeout=30;lockTimeout=-1;lastUpdateCount=true;useDefaultGSSCredential=false;prepareMethod=prepexec;encrypt=true;disableStatementPooling=true;databaseName=SecureAtmIssueLogger;columnEncryptionSetting=Disabled;applicationName=Microsoft JDBC Driver for SQL Server;applicationIntent=readwrite;]
	Database driver: Microsoft JDBC Driver 13.4 for SQL Server
	Database dialect: SQLServerDialect
	Database version: 16.0
	Default catalog/schema: SecureAtmIssueLogger/dbo
	Autocommit mode: undefined/unknown
	Isolation level: READ_COMMITTED [default READ_COMMITTED]
	JDBC fetch size: 128
	Pool: DataSourceConnectionProvider
	Minimum pool size: undefined/unknown
	Maximum pool size: undefined/unknown
2026-09-12T14:50:21.083+01:00  INFO 5068 --- [SecureAtmLoggerSpringBootSSO] [restartedMain] org.hibernate.orm.core                   : HHH000489: No JTA platform available (set 'hibernate.transaction.jta.platform' to enable JTA platform integration)
2026-09-12T14:50:23.819+01:00  INFO 5068 --- [SecureAtmLoggerSpringBootSSO] [restartedMain] j.LocalContainerEntityManagerFactoryBean : Initialized JPA EntityManagerFactory for persistence unit 'default'
2026-09-12T14:50:23.895+01:00  INFO 5068 --- [SecureAtmLoggerSpringBootSSO] [restartedMain] o.s.d.j.r.query.QueryEnhancerFactories   : Hibernate is in classpath; If applicable, HQL parser will be used.
2026-09-12T14:50:24.812+01:00 DEBUG 5068 --- [SecureAtmLoggerSpringBootSSO] [restartedMain] o.s.l.c.support.AbstractContextSource    : AuthenticationSource not set - using default implementation
2026-09-12T14:50:24.812+01:00 DEBUG 5068 --- [SecureAtmLoggerSpringBootSSO] [restartedMain] o.s.l.c.support.AbstractContextSource    : Not using LDAP pooling
2026-09-12T14:50:24.815+01:00 DEBUG 5068 --- [SecureAtmLoggerSpringBootSSO] [restartedMain] o.s.l.c.support.AbstractContextSource    : Trying provider Urls: ldaps://localhost:10636/ou=system
2026-09-12T14:50:24.821+01:00  INFO 5068 --- [SecureAtmLoggerSpringBootSSO] [restartedMain] o.s.s.l.s.FilterBasedLdapUserSearch      : Searches will be performed from the root ou=system since SearchBase not set
2026-09-12T14:50:25.042+01:00  WARN 5068 --- [SecureAtmLoggerSpringBootSSO] [restartedMain] JpaBaseConfiguration$JpaWebConfiguration : spring.jpa.open-in-view is enabled by default. Therefore, database queries may be performed during view rendering. Explicitly configure spring.jpa.open-in-view to disable this warning
2026-09-12T14:50:25.668+01:00  INFO 5068 --- [SecureAtmLoggerSpringBootSSO] [restartedMain] o.a.t.util.net.NioEndpoint.certificate   : Connector [https-jsse-nio-9442], TLS virtual host [_default_], certificate type [UNDEFINED] configured from keystore [Set directly - location unknown] using alias [server] with trust store [C:\Users\IKENNA~1\AppData\Local\Temp\ldap-truststore5998556452194847632.jks]
2026-09-12T14:50:25.694+01:00  INFO 5068 --- [SecureAtmLoggerSpringBootSSO] [restartedMain] o.s.boot.tomcat.TomcatWebServer          : Tomcat started on port 9442 (https) with context path '/'
2026-09-12T14:50:25.702+01:00  INFO 5068 --- [SecureAtmLoggerSpringBootSSO] [restartedMain] c.i.app.AtmIssueLoggerApplication        : Started AtmIssueLoggerApplication in 9.972 seconds (process running for 11.082)
2026-09-12T14:50:33.278+01:00  INFO 5068 --- [SecureAtmLoggerSpringBootSSO] [https-jsse-nio-9442-exec-5] o.a.c.c.C.[Tomcat].[localhost].[/]       : Initializing Spring DispatcherServlet 'dispatcherServlet'
2026-09-12T14:50:33.279+01:00  INFO 5068 --- [SecureAtmLoggerSpringBootSSO] [https-jsse-nio-9442-exec-5] o.s.web.servlet.DispatcherServlet        : Initializing Servlet 'dispatcherServlet'
2026-09-12T14:50:33.281+01:00  INFO 5068 --- [SecureAtmLoggerSpringBootSSO] [https-jsse-nio-9442-exec-5] o.s.web.servlet.DispatcherServlet        : Completed initialization in 2 ms
2026-09-12T14:50:44.103+01:00  INFO 5068 --- [SecureAtmLoggerSpringBootSSO] [https-jsse-nio-9442-exec-8] c.i.a.c.AtmIssueLoggerController         : Form submitted successfully. AtmIssue [id=52, terminalId=10700166, atmFaults=[com.infinity.app.model.AtmFault@be68450a, com.infinity.app.model.AtmFault@449efb47], otherFaultDesc=null, branchLogger=John Uguru-Okorie, loggerEmail=aa@fidelitybank.ng, loggerPhoneNo=08012345678, logDate=Sat Sep 12 14:50:43 WAT 2026, supportEmail=ATMTechnicalSupport@fidelitybank.ng;Adamma.Ezimora@fidelitybank.ng, contact=helpdesk@altaviz.com;timothy@altaviz.com, branchEmail=headofficetsd@fidelitybank.ng, branchName=CORPORATE, atmName=HO_GRG_01, physicalAddress=2 Kofo Abayomi Street, Victoria Island, Lagos, vendorName=Altaviz, userEmail=ikenna@shonowo.com]
2026-09-12T14:50:52.527+01:00  INFO 5068 --- [SecureAtmLoggerSpringBootSSO] [https-jsse-nio-9442-exec-10] c.i.app.controller.EmailIssueController  : Received emailIssueMessage EmailIssueMessageDto [fromEmail=ikenna@shonowo.com, toEmail=helpdesk@altaviz.com;timothy@altaviz.com, cc=ATMTechnicalSupport@fidelitybank.ng;Adamma.Ezimora@fidelitybank.ng;aa@fidelitybank.ng;headofficetsd@fidelitybank.ng, subject=FIDELITY BANK: 10700166 HO_GRG_01: Remote Desktop Not Enabled, Ups Issues, mIntro=Dear all, kindly attend to this request., physicalAddress=2 Kofo Abayomi Street, Victoria Island, Lagos, branchName=CORPORATE, vendorName=Altaviz, atmFaults=[com.infinity.app.model.AtmFault@be68450a, com.infinity.app.model.AtmFault@449efb47], otherFaultDesc=null, branchLogger=John Uguru-Okorie, loggerPhone=08012345678, dateLogged=Sat Sep 12 14:50:43 WAT 2026, mEnd=Thanks.]
2026-09-12T15:02:46.381+01:00  INFO 5068 --- [SecureAtmLoggerSpringBootSSO] [File Watcher] rtingClassPathChangeChangedEventListener : Restarting due to 1 class path change (0 additions, 0 deletions, 1 modification)
2026-09-12T15:02:46.755+01:00  INFO 5068 --- [SecureAtmLoggerSpringBootSSO] [Thread-1] o.s.boot.tomcat.GracefulShutdown         : Commencing graceful shutdown. Waiting for active requests to complete
2026-09-12T15:02:46.840+01:00  INFO 5068 --- [SecureAtmLoggerSpringBootSSO] [tomcat-shutdown] o.s.boot.tomcat.GracefulShutdown         : Graceful shutdown complete
2026-09-12T15:02:46.943+01:00  INFO 5068 --- [SecureAtmLoggerSpringBootSSO] [Thread-1] j.LocalContainerEntityManagerFactoryBean : Closing JPA EntityManagerFactory for persistence unit 'default'
2026-09-12T15:02:47.066+01:00  INFO 5068 --- [SecureAtmLoggerSpringBootSSO] [Thread-1] com.zaxxer.hikari.HikariDataSource       : HikariPool-1 - Shutdown initiated...
2026-09-12T15:02:47.099+01:00  INFO 5068 --- [SecureAtmLoggerSpringBootSSO] [Thread-1] com.zaxxer.hikari.HikariDataSource       : HikariPool-1 - Shutdown completed.
2026-09-12T15:02:48.362+01:00  INFO 5068 --- [SecureAtmLoggerSpringBootSSO] [restartedMain] c.i.app.AtmIssueLoggerApplication        : Starting AtmIssueLoggerApplication using Java 25.0.2 with PID 5068 (C:\Users\Ikenna Shonowo\Documents\Projects\SpringBoot\AtmLoggerSpringBootSSO\target\classes started by Ikenna Shonowo in C:\Users\Ikenna Shonowo\Documents\Projects\SpringBoot\AtmLoggerSpringBootSSO)
2026-09-12T15:02:48.363+01:00  INFO 5068 --- [SecureAtmLoggerSpringBootSSO] [restartedMain] c.i.app.AtmIssueLoggerApplication        : No active profile set, falling back to 1 default profile: "default"
2026-09-12T15:02:49.042+01:00  INFO 5068 --- [SecureAtmLoggerSpringBootSSO] [restartedMain] .s.d.r.c.RepositoryConfigurationDelegate : Multiple Spring Data modules found, entering strict repository configuration mode
2026-09-12T15:02:49.042+01:00  INFO 5068 --- [SecureAtmLoggerSpringBootSSO] [restartedMain] .s.d.r.c.RepositoryConfigurationDelegate : Bootstrapping Spring Data JPA repositories in DEFAULT mode.
2026-09-12T15:02:49.138+01:00  INFO 5068 --- [SecureAtmLoggerSpringBootSSO] [restartedMain] .s.d.r.c.RepositoryConfigurationDelegate : Finished Spring Data repository scanning in 79 ms. Found 12 JPA repository interfaces.
2026-09-12T15:02:49.138+01:00  INFO 5068 --- [SecureAtmLoggerSpringBootSSO] [restartedMain] .s.d.r.c.RepositoryConfigurationDelegate : Multiple Spring Data modules found, entering strict repository configuration mode
2026-09-12T15:02:49.138+01:00  INFO 5068 --- [SecureAtmLoggerSpringBootSSO] [restartedMain] .s.d.r.c.RepositoryConfigurationDelegate : Bootstrapping Spring Data LDAP repositories in DEFAULT mode.
2026-09-12T15:02:49.155+01:00  INFO 5068 --- [SecureAtmLoggerSpringBootSSO] [restartedMain] .RepositoryConfigurationExtensionSupport : Spring Data LDAP - Could not safely identify store assignment for repository candidate interface com.infinity.app.repo.AtmDetailRepo; If you want this repository to be a LDAP repository, consider annotating your entities with one of these annotations: org.springframework.ldap.odm.annotations.Entry (preferred), or consider extending one of the following types with your repository: org.springframework.data.ldap.repository.LdapRepository
2026-09-12T15:02:49.155+01:00  INFO 5068 --- [SecureAtmLoggerSpringBootSSO] [restartedMain] .RepositoryConfigurationExtensionSupport : Spring Data LDAP - Could not safely identify store assignment for repository candidate interface com.infinity.app.repo.AtmFaultRepo; If you want this repository to be a LDAP repository, consider annotating your entities with one of these annotations: org.springframework.ldap.odm.annotations.Entry (preferred), or consider extending one of the following types with your repository: org.springframework.data.ldap.repository.LdapRepository
2026-09-12T15:02:49.155+01:00  INFO 5068 --- [SecureAtmLoggerSpringBootSSO] [restartedMain] .RepositoryConfigurationExtensionSupport : Spring Data LDAP - Could not safely identify store assignment for repository candidate interface com.infinity.app.repo.AtmIssueRepo; If you want this repository to be a LDAP repository, consider annotating your entities with one of these annotations: org.springframework.ldap.odm.annotations.Entry (preferred), or consider extending one of the following types with your repository: org.springframework.data.ldap.repository.LdapRepository
2026-09-12T15:02:49.155+01:00  INFO 5068 --- [SecureAtmLoggerSpringBootSSO] [restartedMain] .RepositoryConfigurationExtensionSupport : Spring Data LDAP - Could not safely identify store assignment for repository candidate interface com.infinity.app.repo.BranchRepo; If you want this repository to be a LDAP repository, consider annotating your entities with one of these annotations: org.springframework.ldap.odm.annotations.Entry (preferred), or consider extending one of the following types with your repository: org.springframework.data.ldap.repository.LdapRepository
2026-09-12T15:02:49.155+01:00  INFO 5068 --- [SecureAtmLoggerSpringBootSSO] [restartedMain] .RepositoryConfigurationExtensionSupport : Spring Data LDAP - Could not safely identify store assignment for repository candidate interface com.infinity.app.repo.CallStatusRepo; If you want this repository to be a LDAP repository, consider annotating your entities with one of these annotations: org.springframework.ldap.odm.annotations.Entry (preferred), or consider extending one of the following types with your repository: org.springframework.data.ldap.repository.LdapRepository
2026-09-12T15:02:49.155+01:00  INFO 5068 --- [SecureAtmLoggerSpringBootSSO] [restartedMain] .RepositoryConfigurationExtensionSupport : Spring Data LDAP - Could not safely identify store assignment for repository candidate interface com.infinity.app.repo.EmailIssueRepo; If you want this repository to be a LDAP repository, consider annotating your entities with one of these annotations: org.springframework.ldap.odm.annotations.Entry (preferred), or consider extending one of the following types with your repository: org.springframework.data.ldap.repository.LdapRepository
2026-09-12T15:02:49.155+01:00  INFO 5068 --- [SecureAtmLoggerSpringBootSSO] [restartedMain] .RepositoryConfigurationExtensionSupport : Spring Data LDAP - Could not safely identify store assignment for repository candidate interface com.infinity.app.repo.LoggedCallRepo; If you want this repository to be a LDAP repository, consider annotating your entities with one of these annotations: org.springframework.ldap.odm.annotations.Entry (preferred), or consider extending one of the following types with your repository: org.springframework.data.ldap.repository.LdapRepository
2026-09-12T15:02:49.155+01:00  INFO 5068 --- [SecureAtmLoggerSpringBootSSO] [restartedMain] .RepositoryConfigurationExtensionSupport : Spring Data LDAP - Could not safely identify store assignment for repository candidate interface com.infinity.app.repo.MessageRepo; If you want this repository to be a LDAP repository, consider annotating your entities with one of these annotations: org.springframework.ldap.odm.annotations.Entry (preferred), or consider extending one of the following types with your repository: org.springframework.data.ldap.repository.LdapRepository
2026-09-12T15:02:49.155+01:00  INFO 5068 --- [SecureAtmLoggerSpringBootSSO] [restartedMain] .RepositoryConfigurationExtensionSupport : Spring Data LDAP - Could not safely identify store assignment for repository candidate interface com.infinity.app.repo.RegionRepo; If you want this repository to be a LDAP repository, consider annotating your entities with one of these annotations: org.springframework.ldap.odm.annotations.Entry (preferred), or consider extending one of the following types with your repository: org.springframework.data.ldap.repository.LdapRepository
2026-09-12T15:02:49.155+01:00  INFO 5068 --- [SecureAtmLoggerSpringBootSSO] [restartedMain] .RepositoryConfigurationExtensionSupport : Spring Data LDAP - Could not safely identify store assignment for repository candidate interface com.infinity.app.repo.TerminalRepo; If you want this repository to be a LDAP repository, consider annotating your entities with one of these annotations: org.springframework.ldap.odm.annotations.Entry (preferred), or consider extending one of the following types with your repository: org.springframework.data.ldap.repository.LdapRepository
2026-09-12T15:02:49.155+01:00  INFO 5068 --- [SecureAtmLoggerSpringBootSSO] [restartedMain] .RepositoryConfigurationExtensionSupport : Spring Data LDAP - Could not safely identify store assignment for repository candidate interface com.infinity.app.repo.VendorContactRepo; If you want this repository to be a LDAP repository, consider annotating your entities with one of these annotations: org.springframework.ldap.odm.annotations.Entry (preferred), or consider extending one of the following types with your repository: org.springframework.data.ldap.repository.LdapRepository
2026-09-12T15:02:49.155+01:00  INFO 5068 --- [SecureAtmLoggerSpringBootSSO] [restartedMain] .RepositoryConfigurationExtensionSupport : Spring Data LDAP - Could not safely identify store assignment for repository candidate interface com.infinity.app.repo.VendorRepo; If you want this repository to be a LDAP repository, consider annotating your entities with one of these annotations: org.springframework.ldap.odm.annotations.Entry (preferred), or consider extending one of the following types with your repository: org.springframework.data.ldap.repository.LdapRepository
2026-09-12T15:02:49.155+01:00  INFO 5068 --- [SecureAtmLoggerSpringBootSSO] [restartedMain] .s.d.r.c.RepositoryConfigurationDelegate : Finished Spring Data repository scanning in 14 ms. Found 0 LDAP repository interfaces.
2026-09-12T15:02:49.582+01:00  INFO 5068 --- [SecureAtmLoggerSpringBootSSO] [restartedMain] o.s.boot.tomcat.TomcatWebServer          : Tomcat initialized with port 9442 (https)
2026-09-12T15:02:49.582+01:00  INFO 5068 --- [SecureAtmLoggerSpringBootSSO] [restartedMain] o.apache.catalina.core.StandardService   : Starting service [Tomcat]
2026-09-12T15:02:49.598+01:00  INFO 5068 --- [SecureAtmLoggerSpringBootSSO] [restartedMain] o.apache.catalina.core.StandardEngine    : Starting Servlet engine: [Apache Tomcat/11.0.22]
2026-09-12T15:02:49.650+01:00  INFO 5068 --- [SecureAtmLoggerSpringBootSSO] [restartedMain] b.w.c.s.WebApplicationContextInitializer : Root WebApplicationContext: initialization completed in 1268 ms
2026-09-12T15:02:49.725+01:00  INFO 5068 --- [SecureAtmLoggerSpringBootSSO] [restartedMain] com.zaxxer.hikari.HikariDataSource       : HikariPool-2 - Starting...
2026-09-12T15:02:49.820+01:00  INFO 5068 --- [SecureAtmLoggerSpringBootSSO] [restartedMain] com.zaxxer.hikari.pool.HikariPool        : HikariPool-2 - Added connection ConnectionID:11 ClientConnectionId: c30ad2a3-e9e4-48ab-ab55-60e92f2e10f9
2026-09-12T15:02:49.820+01:00  INFO 5068 --- [SecureAtmLoggerSpringBootSSO] [restartedMain] com.zaxxer.hikari.HikariDataSource       : HikariPool-2 - Start completed.
2026-09-12T15:02:49.867+01:00  INFO 5068 --- [SecureAtmLoggerSpringBootSSO] [restartedMain] org.hibernate.orm.jpa                    : HHH008540: Processing PersistenceUnitInfo [name: default]
2026-09-12T15:02:49.882+01:00  INFO 5068 --- [SecureAtmLoggerSpringBootSSO] [restartedMain] org.hibernate.orm.cache                  : HHH90001028: Second-level cache region factory [org.hibernate.cache.jcache.internal.JCacheRegionFactory]
2026-09-12T15:02:49.974+01:00  INFO 5068 --- [SecureAtmLoggerSpringBootSSO] [restartedMain] o.s.o.j.p.SpringPersistenceUnitInfo      : No LoadTimeWeaver setup: ignoring JPA class transformer
2026-09-12T15:02:50.370+01:00  WARN 5068 --- [SecureAtmLoggerSpringBootSSO] [restartedMain] org.hibernate.orm.deprecation            : HHH90000025: SQLServerDialect does not need to be specified explicitly using 'hibernate.dialect' (remove the property setting and it will be selected by default)
2026-09-12T15:02:50.377+01:00  INFO 5068 --- [SecureAtmLoggerSpringBootSSO] [restartedMain] org.hibernate.orm.connections.pooling    : HHH10001005: Database info:
	Database JDBC URL [jdbc:sqlserver://localhost:1433;concatNullYieldsNull=ON;quotedIdentifier=ON;connectRetryInterval=10;connectRetryCount=1;maxResultBuffer=-1;sendTemporalDataTypesAsStringForBulkCopy=true;delayLoadingLobs=true;useFmtOnly=false;vectorTypeSupport=v1;cacheBulkCopyMetadata=false;bulkCopyForBatchInsertAllowEncryptedValueModifications=false;bulkCopyForBatchInsertTableLock=false;bulkCopyForBatchInsertKeepNulls=false;bulkCopyForBatchInsertKeepIdentity=false;bulkCopyForBatchInsertFireTriggers=false;bulkCopyForBatchInsertCheckConstraints=false;bulkCopyForBatchInsertBatchSize=0;useBulkCopyForBatchInsert=false;cancelQueryTimeout=-1;sslProtocol=TLS;calcBigDecimalPrecision=false;useDefaultJaasConfig=false;jaasConfigurationName=SQLJDBCDriver;statementPoolingCacheSize=0;serverPreparedStatementDiscardThreshold=10;enablePrepareOnFirstPreparedStatementCall=false;fips=false;socketTimeout=0;authentication=NotSpecified;authenticationScheme=nativeAuthentication;xopenStates=false;datetimeParameterType=datetime2;sendTimeAsDatetime=true;replication=false;trustStoreType=JKS;trustServerCertificate=true;TransparentNetworkIPResolution=true;iPAddressPreference=IPv4First;serverNameAsACE=false;sendStringParametersAsUnicode=true;selectMethod=direct;responseBuffering=adaptive;queryTimeout=-1;packetSize=8000;multiSubnetFailover=false;loginTimeout=30;lockTimeout=-1;lastUpdateCount=true;useDefaultGSSCredential=false;prepareMethod=prepexec;encrypt=true;disableStatementPooling=true;databaseName=SecureAtmIssueLogger;columnEncryptionSetting=Disabled;applicationName=Microsoft JDBC Driver for SQL Server;applicationIntent=readwrite;]
	Database driver: Microsoft JDBC Driver 13.4 for SQL Server
	Database dialect: SQLServerDialect
	Database version: 16.0
	Default catalog/schema: SecureAtmIssueLogger/dbo
	Autocommit mode: undefined/unknown
	Isolation level: READ_COMMITTED [default READ_COMMITTED]
	JDBC fetch size: 128
	Pool: DataSourceConnectionProvider
	Minimum pool size: undefined/unknown
	Maximum pool size: undefined/unknown
2026-09-12T15:02:51.102+01:00  INFO 5068 --- [SecureAtmLoggerSpringBootSSO] [restartedMain] org.hibernate.orm.core                   : HHH000489: No JTA platform available (set 'hibernate.transaction.jta.platform' to enable JTA platform integration)
2026-09-12T15:02:53.552+01:00  INFO 5068 --- [SecureAtmLoggerSpringBootSSO] [restartedMain] j.LocalContainerEntityManagerFactoryBean : Initialized JPA EntityManagerFactory for persistence unit 'default'
2026-09-12T15:02:53.708+01:00 DEBUG 5068 --- [SecureAtmLoggerSpringBootSSO] [restartedMain] o.s.l.c.support.AbstractContextSource    : AuthenticationSource not set - using default implementation
2026-09-12T15:02:53.708+01:00 DEBUG 5068 --- [SecureAtmLoggerSpringBootSSO] [restartedMain] o.s.l.c.support.AbstractContextSource    : Not using LDAP pooling
2026-09-12T15:02:53.709+01:00 DEBUG 5068 --- [SecureAtmLoggerSpringBootSSO] [restartedMain] o.s.l.c.support.AbstractContextSource    : Trying provider Urls: ldaps://localhost:10636/ou=system
2026-09-12T15:02:53.710+01:00  INFO 5068 --- [SecureAtmLoggerSpringBootSSO] [restartedMain] o.s.s.l.s.FilterBasedLdapUserSearch      : Searches will be performed from the root ou=system since SearchBase not set
2026-09-12T15:02:53.768+01:00  WARN 5068 --- [SecureAtmLoggerSpringBootSSO] [restartedMain] JpaBaseConfiguration$JpaWebConfiguration : spring.jpa.open-in-view is enabled by default. Therefore, database queries may be performed during view rendering. Explicitly configure spring.jpa.open-in-view to disable this warning
2026-09-12T15:02:54.044+01:00  INFO 5068 --- [SecureAtmLoggerSpringBootSSO] [restartedMain] o.a.t.util.net.NioEndpoint.certificate   : Connector [https-jsse-nio-9442], TLS virtual host [_default_], certificate type [UNDEFINED] configured from keystore [Set directly - location unknown] using alias [server] with trust store [C:\Users\IKENNA~1\AppData\Local\Temp\ldap-truststore16293678731073753344.jks]
2026-09-12T15:02:54.052+01:00  INFO 5068 --- [SecureAtmLoggerSpringBootSSO] [restartedMain] o.s.boot.tomcat.TomcatWebServer          : Tomcat started on port 9442 (https) with context path '/'
2026-09-12T15:02:54.060+01:00  INFO 5068 --- [SecureAtmLoggerSpringBootSSO] [restartedMain] c.i.app.AtmIssueLoggerApplication        : Started AtmIssueLoggerApplication in 5.831 seconds (process running for 759.439)
2026-09-12T15:02:54.061+01:00  INFO 5068 --- [SecureAtmLoggerSpringBootSSO] [restartedMain] .ConditionEvaluationDeltaLoggingListener : Condition evaluation unchanged
2026-09-12T15:11:15.622+01:00  INFO 25564 --- [SecureAtmLoggerSpringBootSSO] [restartedMain] c.i.app.AtmIssueLoggerApplication        : Starting AtmIssueLoggerApplication using Java 25.0.2 with PID 25564 (C:\Users\Ikenna Shonowo\Documents\Projects\SpringBoot\AtmLoggerSpringBootSSO\target\classes started by Ikenna Shonowo in C:\Users\Ikenna Shonowo\Documents\Projects\SpringBoot\AtmLoggerSpringBootSSO)
2026-09-12T15:11:15.624+01:00  INFO 25564 --- [SecureAtmLoggerSpringBootSSO] [restartedMain] c.i.app.AtmIssueLoggerApplication        : No active profile set, falling back to 1 default profile: "default"
2026-09-12T15:11:15.693+01:00  INFO 25564 --- [SecureAtmLoggerSpringBootSSO] [restartedMain] .e.DevToolsPropertyDefaultsPostProcessor : Devtools property defaults active! Set 'spring.devtools.add-properties' to 'false' to disable
2026-09-12T15:11:15.694+01:00  INFO 25564 --- [SecureAtmLoggerSpringBootSSO] [restartedMain] .e.DevToolsPropertyDefaultsPostProcessor : For additional web related logging consider setting the 'logging.level.web' property to 'DEBUG'
2026-09-12T15:11:16.525+01:00  INFO 25564 --- [SecureAtmLoggerSpringBootSSO] [restartedMain] .s.d.r.c.RepositoryConfigurationDelegate : Multiple Spring Data modules found, entering strict repository configuration mode
2026-09-12T15:11:16.527+01:00  INFO 25564 --- [SecureAtmLoggerSpringBootSSO] [restartedMain] .s.d.r.c.RepositoryConfigurationDelegate : Bootstrapping Spring Data JPA repositories in DEFAULT mode.
2026-09-12T15:11:16.618+01:00  INFO 25564 --- [SecureAtmLoggerSpringBootSSO] [restartedMain] .s.d.r.c.RepositoryConfigurationDelegate : Finished Spring Data repository scanning in 78 ms. Found 12 JPA repository interfaces.
2026-09-12T15:11:16.632+01:00  INFO 25564 --- [SecureAtmLoggerSpringBootSSO] [restartedMain] .s.d.r.c.RepositoryConfigurationDelegate : Multiple Spring Data modules found, entering strict repository configuration mode
2026-09-12T15:11:16.633+01:00  INFO 25564 --- [SecureAtmLoggerSpringBootSSO] [restartedMain] .s.d.r.c.RepositoryConfigurationDelegate : Bootstrapping Spring Data LDAP repositories in DEFAULT mode.
2026-09-12T15:11:16.644+01:00  INFO 25564 --- [SecureAtmLoggerSpringBootSSO] [restartedMain] .RepositoryConfigurationExtensionSupport : Spring Data LDAP - Could not safely identify store assignment for repository candidate interface com.infinity.app.repo.AtmDetailRepo; If you want this repository to be a LDAP repository, consider annotating your entities with one of these annotations: org.springframework.ldap.odm.annotations.Entry (preferred), or consider extending one of the following types with your repository: org.springframework.data.ldap.repository.LdapRepository
2026-09-12T15:11:16.646+01:00  INFO 25564 --- [SecureAtmLoggerSpringBootSSO] [restartedMain] .RepositoryConfigurationExtensionSupport : Spring Data LDAP - Could not safely identify store assignment for repository candidate interface com.infinity.app.repo.AtmFaultRepo; If you want this repository to be a LDAP repository, consider annotating your entities with one of these annotations: org.springframework.ldap.odm.annotations.Entry (preferred), or consider extending one of the following types with your repository: org.springframework.data.ldap.repository.LdapRepository
2026-09-12T15:11:16.646+01:00  INFO 25564 --- [SecureAtmLoggerSpringBootSSO] [restartedMain] .RepositoryConfigurationExtensionSupport : Spring Data LDAP - Could not safely identify store assignment for repository candidate interface com.infinity.app.repo.AtmIssueRepo; If you want this repository to be a LDAP repository, consider annotating your entities with one of these annotations: org.springframework.ldap.odm.annotations.Entry (preferred), or consider extending one of the following types with your repository: org.springframework.data.ldap.repository.LdapRepository
2026-09-12T15:11:16.647+01:00  INFO 25564 --- [SecureAtmLoggerSpringBootSSO] [restartedMain] .RepositoryConfigurationExtensionSupport : Spring Data LDAP - Could not safely identify store assignment for repository candidate interface com.infinity.app.repo.BranchRepo; If you want this repository to be a LDAP repository, consider annotating your entities with one of these annotations: org.springframework.ldap.odm.annotations.Entry (preferred), or consider extending one of the following types with your repository: org.springframework.data.ldap.repository.LdapRepository
2026-09-12T15:11:16.647+01:00  INFO 25564 --- [SecureAtmLoggerSpringBootSSO] [restartedMain] .RepositoryConfigurationExtensionSupport : Spring Data LDAP - Could not safely identify store assignment for repository candidate interface com.infinity.app.repo.CallStatusRepo; If you want this repository to be a LDAP repository, consider annotating your entities with one of these annotations: org.springframework.ldap.odm.annotations.Entry (preferred), or consider extending one of the following types with your repository: org.springframework.data.ldap.repository.LdapRepository
2026-09-12T15:11:16.648+01:00  INFO 25564 --- [SecureAtmLoggerSpringBootSSO] [restartedMain] .RepositoryConfigurationExtensionSupport : Spring Data LDAP - Could not safely identify store assignment for repository candidate interface com.infinity.app.repo.EmailIssueRepo; If you want this repository to be a LDAP repository, consider annotating your entities with one of these annotations: org.springframework.ldap.odm.annotations.Entry (preferred), or consider extending one of the following types with your repository: org.springframework.data.ldap.repository.LdapRepository
2026-09-12T15:11:16.648+01:00  INFO 25564 --- [SecureAtmLoggerSpringBootSSO] [restartedMain] .RepositoryConfigurationExtensionSupport : Spring Data LDAP - Could not safely identify store assignment for repository candidate interface com.infinity.app.repo.LoggedCallRepo; If you want this repository to be a LDAP repository, consider annotating your entities with one of these annotations: org.springframework.ldap.odm.annotations.Entry (preferred), or consider extending one of the following types with your repository: org.springframework.data.ldap.repository.LdapRepository
2026-09-12T15:11:16.648+01:00  INFO 25564 --- [SecureAtmLoggerSpringBootSSO] [restartedMain] .RepositoryConfigurationExtensionSupport : Spring Data LDAP - Could not safely identify store assignment for repository candidate interface com.infinity.app.repo.MessageRepo; If you want this repository to be a LDAP repository, consider annotating your entities with one of these annotations: org.springframework.ldap.odm.annotations.Entry (preferred), or consider extending one of the following types with your repository: org.springframework.data.ldap.repository.LdapRepository
2026-09-12T15:11:16.649+01:00  INFO 25564 --- [SecureAtmLoggerSpringBootSSO] [restartedMain] .RepositoryConfigurationExtensionSupport : Spring Data LDAP - Could not safely identify store assignment for repository candidate interface com.infinity.app.repo.RegionRepo; If you want this repository to be a LDAP repository, consider annotating your entities with one of these annotations: org.springframework.ldap.odm.annotations.Entry (preferred), or consider extending one of the following types with your repository: org.springframework.data.ldap.repository.LdapRepository
2026-09-12T15:11:16.649+01:00  INFO 25564 --- [SecureAtmLoggerSpringBootSSO] [restartedMain] .RepositoryConfigurationExtensionSupport : Spring Data LDAP - Could not safely identify store assignment for repository candidate interface com.infinity.app.repo.TerminalRepo; If you want this repository to be a LDAP repository, consider annotating your entities with one of these annotations: org.springframework.ldap.odm.annotations.Entry (preferred), or consider extending one of the following types with your repository: org.springframework.data.ldap.repository.LdapRepository
2026-09-12T15:11:16.650+01:00  INFO 25564 --- [SecureAtmLoggerSpringBootSSO] [restartedMain] .RepositoryConfigurationExtensionSupport : Spring Data LDAP - Could not safely identify store assignment for repository candidate interface com.infinity.app.repo.VendorContactRepo; If you want this repository to be a LDAP repository, consider annotating your entities with one of these annotations: org.springframework.ldap.odm.annotations.Entry (preferred), or consider extending one of the following types with your repository: org.springframework.data.ldap.repository.LdapRepository
2026-09-12T15:11:16.650+01:00  INFO 25564 --- [SecureAtmLoggerSpringBootSSO] [restartedMain] .RepositoryConfigurationExtensionSupport : Spring Data LDAP - Could not safely identify store assignment for repository candidate interface com.infinity.app.repo.VendorRepo; If you want this repository to be a LDAP repository, consider annotating your entities with one of these annotations: org.springframework.ldap.odm.annotations.Entry (preferred), or consider extending one of the following types with your repository: org.springframework.data.ldap.repository.LdapRepository
2026-09-12T15:11:16.651+01:00  INFO 25564 --- [SecureAtmLoggerSpringBootSSO] [restartedMain] .s.d.r.c.RepositoryConfigurationDelegate : Finished Spring Data repository scanning in 13 ms. Found 0 LDAP repository interfaces.
2026-09-12T15:11:17.270+01:00  INFO 25564 --- [SecureAtmLoggerSpringBootSSO] [restartedMain] o.s.boot.tomcat.TomcatWebServer          : Tomcat initialized with port 9442 (https)
2026-09-12T15:11:17.284+01:00  INFO 25564 --- [SecureAtmLoggerSpringBootSSO] [restartedMain] o.apache.catalina.core.StandardService   : Starting service [Tomcat]
2026-09-12T15:11:17.285+01:00  INFO 25564 --- [SecureAtmLoggerSpringBootSSO] [restartedMain] o.apache.catalina.core.StandardEngine    : Starting Servlet engine: [Apache Tomcat/11.0.22]
2026-09-12T15:11:17.339+01:00  INFO 25564 --- [SecureAtmLoggerSpringBootSSO] [restartedMain] b.w.c.s.WebApplicationContextInitializer : Root WebApplicationContext: initialization completed in 1644 ms
2026-09-12T15:11:17.462+01:00  INFO 25564 --- [SecureAtmLoggerSpringBootSSO] [restartedMain] com.zaxxer.hikari.HikariDataSource       : HikariPool-1 - Starting...
2026-09-12T15:11:17.759+01:00  INFO 25564 --- [SecureAtmLoggerSpringBootSSO] [restartedMain] com.zaxxer.hikari.pool.HikariPool        : HikariPool-1 - Added connection ConnectionID:1 ClientConnectionId: b2d69217-610b-4c69-b8e9-1b7ab69c0212
2026-09-12T15:11:17.762+01:00  INFO 25564 --- [SecureAtmLoggerSpringBootSSO] [restartedMain] com.zaxxer.hikari.HikariDataSource       : HikariPool-1 - Start completed.
2026-09-12T15:11:17.873+01:00  INFO 25564 --- [SecureAtmLoggerSpringBootSSO] [restartedMain] org.hibernate.orm.jpa                    : HHH008540: Processing PersistenceUnitInfo [name: default]
2026-09-12T15:11:17.969+01:00  INFO 25564 --- [SecureAtmLoggerSpringBootSSO] [restartedMain] org.hibernate.orm.core                   : HHH000001: Hibernate ORM core version 7.4.1.Final
2026-09-12T15:11:18.010+01:00  INFO 25564 --- [SecureAtmLoggerSpringBootSSO] [restartedMain] org.hibernate.orm.cache                  : HHH90001028: Second-level cache region factory [org.hibernate.cache.jcache.internal.JCacheRegionFactory]
2026-09-12T15:11:18.492+01:00  INFO 25564 --- [SecureAtmLoggerSpringBootSSO] [restartedMain] o.s.o.j.p.SpringPersistenceUnitInfo      : No LoadTimeWeaver setup: ignoring JPA class transformer
2026-09-12T15:11:18.708+01:00  WARN 25564 --- [SecureAtmLoggerSpringBootSSO] [restartedMain] org.hibernate.orm.deprecation            : HHH90000025: SQLServerDialect does not need to be specified explicitly using 'hibernate.dialect' (remove the property setting and it will be selected by default)
2026-09-12T15:11:18.733+01:00  INFO 25564 --- [SecureAtmLoggerSpringBootSSO] [restartedMain] org.hibernate.orm.connections.pooling    : HHH10001005: Database info:
	Database JDBC URL [jdbc:sqlserver://localhost:1433;concatNullYieldsNull=ON;quotedIdentifier=ON;connectRetryInterval=10;connectRetryCount=1;maxResultBuffer=-1;sendTemporalDataTypesAsStringForBulkCopy=true;delayLoadingLobs=true;useFmtOnly=false;vectorTypeSupport=v1;cacheBulkCopyMetadata=false;bulkCopyForBatchInsertAllowEncryptedValueModifications=false;bulkCopyForBatchInsertTableLock=false;bulkCopyForBatchInsertKeepNulls=false;bulkCopyForBatchInsertKeepIdentity=false;bulkCopyForBatchInsertFireTriggers=false;bulkCopyForBatchInsertCheckConstraints=false;bulkCopyForBatchInsertBatchSize=0;useBulkCopyForBatchInsert=false;cancelQueryTimeout=-1;sslProtocol=TLS;calcBigDecimalPrecision=false;useDefaultJaasConfig=false;jaasConfigurationName=SQLJDBCDriver;statementPoolingCacheSize=0;serverPreparedStatementDiscardThreshold=10;enablePrepareOnFirstPreparedStatementCall=false;fips=false;socketTimeout=0;authentication=NotSpecified;authenticationScheme=nativeAuthentication;xopenStates=false;datetimeParameterType=datetime2;sendTimeAsDatetime=true;replication=false;trustStoreType=JKS;trustServerCertificate=true;TransparentNetworkIPResolution=true;iPAddressPreference=IPv4First;serverNameAsACE=false;sendStringParametersAsUnicode=true;selectMethod=direct;responseBuffering=adaptive;queryTimeout=-1;packetSize=8000;multiSubnetFailover=false;loginTimeout=30;lockTimeout=-1;lastUpdateCount=true;useDefaultGSSCredential=false;prepareMethod=prepexec;encrypt=true;disableStatementPooling=true;databaseName=SecureAtmIssueLogger;columnEncryptionSetting=Disabled;applicationName=Microsoft JDBC Driver for SQL Server;applicationIntent=readwrite;]
	Database driver: Microsoft JDBC Driver 13.4 for SQL Server
	Database dialect: SQLServerDialect
	Database version: 16.0
	Default catalog/schema: SecureAtmIssueLogger/dbo
	Autocommit mode: undefined/unknown
	Isolation level: READ_COMMITTED [default READ_COMMITTED]
	JDBC fetch size: 128
	Pool: DataSourceConnectionProvider
	Minimum pool size: undefined/unknown
	Maximum pool size: undefined/unknown
2026-09-12T15:11:20.244+01:00  INFO 25564 --- [SecureAtmLoggerSpringBootSSO] [restartedMain] org.hibernate.orm.core                   : HHH000489: No JTA platform available (set 'hibernate.transaction.jta.platform' to enable JTA platform integration)
2026-09-12T15:11:23.550+01:00  INFO 25564 --- [SecureAtmLoggerSpringBootSSO] [restartedMain] j.LocalContainerEntityManagerFactoryBean : Initialized JPA EntityManagerFactory for persistence unit 'default'
2026-09-12T15:11:23.642+01:00  INFO 25564 --- [SecureAtmLoggerSpringBootSSO] [restartedMain] o.s.d.j.r.query.QueryEnhancerFactories   : Hibernate is in classpath; If applicable, HQL parser will be used.
2026-09-12T15:11:24.533+01:00 DEBUG 25564 --- [SecureAtmLoggerSpringBootSSO] [restartedMain] o.s.l.c.support.AbstractContextSource    : AuthenticationSource not set - using default implementation
2026-09-12T15:11:24.533+01:00 DEBUG 25564 --- [SecureAtmLoggerSpringBootSSO] [restartedMain] o.s.l.c.support.AbstractContextSource    : Not using LDAP pooling
2026-09-12T15:11:24.536+01:00 DEBUG 25564 --- [SecureAtmLoggerSpringBootSSO] [restartedMain] o.s.l.c.support.AbstractContextSource    : Trying provider Urls: ldaps://localhost:10636/ou=system
2026-09-12T15:11:24.544+01:00  INFO 25564 --- [SecureAtmLoggerSpringBootSSO] [restartedMain] o.s.s.l.s.FilterBasedLdapUserSearch      : Searches will be performed from the root ou=system since SearchBase not set
2026-09-12T15:11:24.774+01:00  WARN 25564 --- [SecureAtmLoggerSpringBootSSO] [restartedMain] JpaBaseConfiguration$JpaWebConfiguration : spring.jpa.open-in-view is enabled by default. Therefore, database queries may be performed during view rendering. Explicitly configure spring.jpa.open-in-view to disable this warning
2026-09-12T15:11:25.411+01:00  INFO 25564 --- [SecureAtmLoggerSpringBootSSO] [restartedMain] o.a.t.util.net.NioEndpoint.certificate   : Connector [https-jsse-nio-9442], TLS virtual host [_default_], certificate type [UNDEFINED] configured from keystore [Set directly - location unknown] using alias [server] with trust store [C:\Users\IKENNA~1\AppData\Local\Temp\ldap-truststore5666830106862559170.jks]
2026-09-12T15:11:25.437+01:00  INFO 25564 --- [SecureAtmLoggerSpringBootSSO] [restartedMain] o.s.boot.tomcat.TomcatWebServer          : Tomcat started on port 9442 (https) with context path '/'
2026-09-12T15:11:25.444+01:00  INFO 25564 --- [SecureAtmLoggerSpringBootSSO] [restartedMain] c.i.app.AtmIssueLoggerApplication        : Started AtmIssueLoggerApplication in 11.13 seconds (process running for 12.676)
2026-09-12T15:11:41.214+01:00  INFO 25564 --- [SecureAtmLoggerSpringBootSSO] [https-jsse-nio-9442-exec-4] o.a.c.c.C.[Tomcat].[localhost].[/]       : Initializing Spring DispatcherServlet 'dispatcherServlet'
2026-09-12T15:11:41.215+01:00  INFO 25564 --- [SecureAtmLoggerSpringBootSSO] [https-jsse-nio-9442-exec-4] o.s.web.servlet.DispatcherServlet        : Initializing Servlet 'dispatcherServlet'
2026-09-12T15:11:41.220+01:00  INFO 25564 --- [SecureAtmLoggerSpringBootSSO] [https-jsse-nio-9442-exec-4] o.s.web.servlet.DispatcherServlet        : Completed initialization in 4 ms
2026-09-12T15:11:52.946+01:00  INFO 25564 --- [SecureAtmLoggerSpringBootSSO] [https-jsse-nio-9442-exec-8] c.i.a.c.AtmIssueLoggerController         : Form submitted successfully. AtmIssue [id=53, terminalId=10700166, atmFaults=[com.infinity.app.model.AtmFault@ab142927], otherFaultDesc=null, branchLogger=John Uguru-Okorie, loggerEmail=aa@fidelitybank.ng, loggerPhoneNo=08012345678, logDate=Sat Sep 12 15:11:52 WAT 2026, supportEmail=ATMTechnicalSupport@fidelitybank.ng;Adamma.Ezimora@fidelitybank.ng, contact=helpdesk@altaviz.com;timothy@altaviz.com, branchEmail=headofficetsd@fidelitybank.ng, branchName=CORPORATE, atmName=HO_GRG_01, physicalAddress=2 Kofo Abayomi Street, Victoria Island, Lagos, vendorName=Altaviz, userEmail=ikenna@shonowo.com]
2026-09-12T15:12:24.173+01:00  INFO 25564 --- [SecureAtmLoggerSpringBootSSO] [https-jsse-nio-9442-exec-1] c.i.a.c.AtmIssueLoggerController         : Form submitted successfully. AtmIssue [id=54, terminalId=10700166, atmFaults=[com.infinity.app.model.AtmFault@723f36d8, com.infinity.app.model.AtmFault@ab142927], otherFaultDesc=null, branchLogger=John Uguru-Okorie, loggerEmail=aa@fidelitybank.ng, loggerPhoneNo=08012345678, logDate=Sat Sep 12 15:12:24 WAT 2026, supportEmail=ATMTechnicalSupport@fidelitybank.ng;Adamma.Ezimora@fidelitybank.ng, contact=helpdesk@altaviz.com;timothy@altaviz.com, branchEmail=headofficetsd@fidelitybank.ng, branchName=CORPORATE, atmName=HO_GRG_01, physicalAddress=2 Kofo Abayomi Street, Victoria Island, Lagos, vendorName=Altaviz, userEmail=ikenna@shonowo.com]
2026-09-12T15:12:34.128+01:00  INFO 25564 --- [SecureAtmLoggerSpringBootSSO] [https-jsse-nio-9442-exec-5] c.i.app.controller.EmailIssueController  : Received emailIssueMessage EmailIssueMessageDto [fromEmail=ikenna@shonowo.com, toEmail=helpdesk@altaviz.com;timothy@altaviz.com, cc=ATMTechnicalSupport@fidelitybank.ng;Adamma.Ezimora@fidelitybank.ng;aa@fidelitybank.ng;headofficetsd@fidelitybank.ng, subject=FIDELITY BANK: 10700166 HO_GRG_01: Blank Screen, Atm Shocking, mIntro=Dear all, kindly attend to this request., physicalAddress=2 Kofo Abayomi Street, Victoria Island, Lagos, branchName=CORPORATE, vendorName=Altaviz, atmFaults=[com.infinity.app.model.AtmFault@723f36d8, com.infinity.app.model.AtmFault@ab142927], otherFaultDesc=null, branchLogger=John Uguru-Okorie, loggerPhone=08012345678, dateLogged=Sat Sep 12 15:12:24 WAT 2026, mEnd=Thanks.]
2026-09-12T15:12:43.763+01:00  INFO 25564 --- [SecureAtmLoggerSpringBootSSO] [https-jsse-nio-9442-exec-5] c.i.app.controller.EmailIssueController  : Email submitted successfully. EmailIssue [id=29, fromEmail=ikenna@shonowo.com, toEmail=helpdesk@altaviz.com;timothy@altaviz.com, cc=ATMTechnicalSupport@fidelitybank.ng;Adamma.Ezimora@fidelitybank.ng;aa@fidelitybank.ng;headofficetsd@fidelitybank.ng, subject=FIDELITY BANK: 10700166 HO_GRG_01: Blank Screen, Atm Shocking, mIntro=Dear all, kindly attend to this request., message=Message [id=31, physicalAddress=2 Kofo Abayomi Street, Victoria Island, Lagos, branchName=CORPORATE, vendorName=Altaviz, atmFaults=[com.infinity.app.model.AtmFault@723f36d8], otherFaultDesc=null, branchLogger=John Uguru-Okorie, loggerPhone=08012345678, dateLogged=Sat Sep 12 15:12:24 WAT 2026], mEnd=Thanks.]
2026-09-12T15:12:43.858+01:00  INFO 25564 --- [SecureAtmLoggerSpringBootSSO] [https-jsse-nio-9442-exec-5] c.i.app.controller.EmailIssueController  : Call logged successfully. 
2026-09-12T15:12:55.231+01:00  INFO 25564 --- [SecureAtmLoggerSpringBootSSO] [https-jsse-nio-9442-exec-5] c.i.app.controller.EmailIssueController  : Email submitted successfully. EmailIssue [id=30, fromEmail=ikenna@shonowo.com, toEmail=helpdesk@altaviz.com;timothy@altaviz.com, cc=ATMTechnicalSupport@fidelitybank.ng;Adamma.Ezimora@fidelitybank.ng;aa@fidelitybank.ng;headofficetsd@fidelitybank.ng, subject=FIDELITY BANK: 10700166 HO_GRG_01: Blank Screen, Atm Shocking, mIntro=Dear all, kindly attend to this request., message=Message [id=32, physicalAddress=2 Kofo Abayomi Street, Victoria Island, Lagos, branchName=CORPORATE, vendorName=Altaviz, atmFaults=[com.infinity.app.model.AtmFault@ab142927], otherFaultDesc=null, branchLogger=John Uguru-Okorie, loggerPhone=08012345678, dateLogged=Sat Sep 12 15:12:24 WAT 2026], mEnd=Thanks.]
2026-09-12T15:12:55.267+01:00  INFO 25564 --- [SecureAtmLoggerSpringBootSSO] [https-jsse-nio-9442-exec-5] c.i.app.controller.EmailIssueController  : Call logged successfully. 
2026-09-12T15:15:29.211+01:00  INFO 25564 --- [SecureAtmLoggerSpringBootSSO] [File Watcher] rtingClassPathChangeChangedEventListener : Restarting due to 1 class path change (0 additions, 0 deletions, 1 modification)
2026-09-12T15:15:30.304+01:00  INFO 25564 --- [SecureAtmLoggerSpringBootSSO] [Thread-1] o.s.boot.tomcat.GracefulShutdown         : Commencing graceful shutdown. Waiting for active requests to complete
2026-09-12T15:15:30.325+01:00  INFO 25564 --- [SecureAtmLoggerSpringBootSSO] [tomcat-shutdown] o.s.boot.tomcat.GracefulShutdown         : Graceful shutdown complete
2026-09-12T15:15:30.340+01:00  INFO 25564 --- [SecureAtmLoggerSpringBootSSO] [Thread-1] j.LocalContainerEntityManagerFactoryBean : Closing JPA EntityManagerFactory for persistence unit 'default'
2026-09-12T15:15:30.376+01:00  INFO 25564 --- [SecureAtmLoggerSpringBootSSO] [Thread-1] com.zaxxer.hikari.HikariDataSource       : HikariPool-1 - Shutdown initiated...
2026-09-12T15:15:30.385+01:00  INFO 25564 --- [SecureAtmLoggerSpringBootSSO] [Thread-1] com.zaxxer.hikari.HikariDataSource       : HikariPool-1 - Shutdown completed.
2026-09-12T15:15:30.647+01:00  INFO 25564 --- [SecureAtmLoggerSpringBootSSO] [restartedMain] c.i.app.AtmIssueLoggerApplication        : Starting AtmIssueLoggerApplication using Java 25.0.2 with PID 25564 (C:\Users\Ikenna Shonowo\Documents\Projects\SpringBoot\AtmLoggerSpringBootSSO\target\classes started by Ikenna Shonowo in C:\Users\Ikenna Shonowo\Documents\Projects\SpringBoot\AtmLoggerSpringBootSSO)
2026-09-12T15:15:30.648+01:00  INFO 25564 --- [SecureAtmLoggerSpringBootSSO] [restartedMain] c.i.app.AtmIssueLoggerApplication        : No active profile set, falling back to 1 default profile: "default"
2026-09-12T15:15:31.129+01:00  INFO 25564 --- [SecureAtmLoggerSpringBootSSO] [restartedMain] .s.d.r.c.RepositoryConfigurationDelegate : Multiple Spring Data modules found, entering strict repository configuration mode
2026-09-12T15:15:31.129+01:00  INFO 25564 --- [SecureAtmLoggerSpringBootSSO] [restartedMain] .s.d.r.c.RepositoryConfigurationDelegate : Bootstrapping Spring Data JPA repositories in DEFAULT mode.
2026-09-12T15:15:31.195+01:00  INFO 25564 --- [SecureAtmLoggerSpringBootSSO] [restartedMain] .s.d.r.c.RepositoryConfigurationDelegate : Finished Spring Data repository scanning in 61 ms. Found 12 JPA repository interfaces.
2026-09-12T15:15:31.199+01:00  INFO 25564 --- [SecureAtmLoggerSpringBootSSO] [restartedMain] .s.d.r.c.RepositoryConfigurationDelegate : Multiple Spring Data modules found, entering strict repository configuration mode
2026-09-12T15:15:31.199+01:00  INFO 25564 --- [SecureAtmLoggerSpringBootSSO] [restartedMain] .s.d.r.c.RepositoryConfigurationDelegate : Bootstrapping Spring Data LDAP repositories in DEFAULT mode.
2026-09-12T15:15:31.214+01:00  INFO 25564 --- [SecureAtmLoggerSpringBootSSO] [restartedMain] .RepositoryConfigurationExtensionSupport : Spring Data LDAP - Could not safely identify store assignment for repository candidate interface com.infinity.app.repo.AtmDetailRepo; If you want this repository to be a LDAP repository, consider annotating your entities with one of these annotations: org.springframework.ldap.odm.annotations.Entry (preferred), or consider extending one of the following types with your repository: org.springframework.data.ldap.repository.LdapRepository
2026-09-12T15:15:31.215+01:00  INFO 25564 --- [SecureAtmLoggerSpringBootSSO] [restartedMain] .RepositoryConfigurationExtensionSupport : Spring Data LDAP - Could not safely identify store assignment for repository candidate interface com.infinity.app.repo.AtmFaultRepo; If you want this repository to be a LDAP repository, consider annotating your entities with one of these annotations: org.springframework.ldap.odm.annotations.Entry (preferred), or consider extending one of the following types with your repository: org.springframework.data.ldap.repository.LdapRepository
2026-09-12T15:15:31.216+01:00  INFO 25564 --- [SecureAtmLoggerSpringBootSSO] [restartedMain] .RepositoryConfigurationExtensionSupport : Spring Data LDAP - Could not safely identify store assignment for repository candidate interface com.infinity.app.repo.AtmIssueRepo; If you want this repository to be a LDAP repository, consider annotating your entities with one of these annotations: org.springframework.ldap.odm.annotations.Entry (preferred), or consider extending one of the following types with your repository: org.springframework.data.ldap.repository.LdapRepository
2026-09-12T15:15:31.216+01:00  INFO 25564 --- [SecureAtmLoggerSpringBootSSO] [restartedMain] .RepositoryConfigurationExtensionSupport : Spring Data LDAP - Could not safely identify store assignment for repository candidate interface com.infinity.app.repo.BranchRepo; If you want this repository to be a LDAP repository, consider annotating your entities with one of these annotations: org.springframework.ldap.odm.annotations.Entry (preferred), or consider extending one of the following types with your repository: org.springframework.data.ldap.repository.LdapRepository
2026-09-12T15:15:31.217+01:00  INFO 25564 --- [SecureAtmLoggerSpringBootSSO] [restartedMain] .RepositoryConfigurationExtensionSupport : Spring Data LDAP - Could not safely identify store assignment for repository candidate interface com.infinity.app.repo.CallStatusRepo; If you want this repository to be a LDAP repository, consider annotating your entities with one of these annotations: org.springframework.ldap.odm.annotations.Entry (preferred), or consider extending one of the following types with your repository: org.springframework.data.ldap.repository.LdapRepository
2026-09-12T15:15:31.217+01:00  INFO 25564 --- [SecureAtmLoggerSpringBootSSO] [restartedMain] .RepositoryConfigurationExtensionSupport : Spring Data LDAP - Could not safely identify store assignment for repository candidate interface com.infinity.app.repo.EmailIssueRepo; If you want this repository to be a LDAP repository, consider annotating your entities with one of these annotations: org.springframework.ldap.odm.annotations.Entry (preferred), or consider extending one of the following types with your repository: org.springframework.data.ldap.repository.LdapRepository
2026-09-12T15:15:31.218+01:00  INFO 25564 --- [SecureAtmLoggerSpringBootSSO] [restartedMain] .RepositoryConfigurationExtensionSupport : Spring Data LDAP - Could not safely identify store assignment for repository candidate interface com.infinity.app.repo.LoggedCallRepo; If you want this repository to be a LDAP repository, consider annotating your entities with one of these annotations: org.springframework.ldap.odm.annotations.Entry (preferred), or consider extending one of the following types with your repository: org.springframework.data.ldap.repository.LdapRepository
2026-09-12T15:15:31.218+01:00  INFO 25564 --- [SecureAtmLoggerSpringBootSSO] [restartedMain] .RepositoryConfigurationExtensionSupport : Spring Data LDAP - Could not safely identify store assignment for repository candidate interface com.infinity.app.repo.MessageRepo; If you want this repository to be a LDAP repository, consider annotating your entities with one of these annotations: org.springframework.ldap.odm.annotations.Entry (preferred), or consider extending one of the following types with your repository: org.springframework.data.ldap.repository.LdapRepository
2026-09-12T15:15:31.218+01:00  INFO 25564 --- [SecureAtmLoggerSpringBootSSO] [restartedMain] .RepositoryConfigurationExtensionSupport : Spring Data LDAP - Could not safely identify store assignment for repository candidate interface com.infinity.app.repo.RegionRepo; If you want this repository to be a LDAP repository, consider annotating your entities with one of these annotations: org.springframework.ldap.odm.annotations.Entry (preferred), or consider extending one of the following types with your repository: org.springframework.data.ldap.repository.LdapRepository
2026-09-12T15:15:31.219+01:00  INFO 25564 --- [SecureAtmLoggerSpringBootSSO] [restartedMain] .RepositoryConfigurationExtensionSupport : Spring Data LDAP - Could not safely identify store assignment for repository candidate interface com.infinity.app.repo.TerminalRepo; If you want this repository to be a LDAP repository, consider annotating your entities with one of these annotations: org.springframework.ldap.odm.annotations.Entry (preferred), or consider extending one of the following types with your repository: org.springframework.data.ldap.repository.LdapRepository
2026-09-12T15:15:31.219+01:00  INFO 25564 --- [SecureAtmLoggerSpringBootSSO] [restartedMain] .RepositoryConfigurationExtensionSupport : Spring Data LDAP - Could not safely identify store assignment for repository candidate interface com.infinity.app.repo.VendorContactRepo; If you want this repository to be a LDAP repository, consider annotating your entities with one of these annotations: org.springframework.ldap.odm.annotations.Entry (preferred), or consider extending one of the following types with your repository: org.springframework.data.ldap.repository.LdapRepository
2026-09-12T15:15:31.219+01:00  INFO 25564 --- [SecureAtmLoggerSpringBootSSO] [restartedMain] .RepositoryConfigurationExtensionSupport : Spring Data LDAP - Could not safely identify store assignment for repository candidate interface com.infinity.app.repo.VendorRepo; If you want this repository to be a LDAP repository, consider annotating your entities with one of these annotations: org.springframework.ldap.odm.annotations.Entry (preferred), or consider extending one of the following types with your repository: org.springframework.data.ldap.repository.LdapRepository
2026-09-12T15:15:31.220+01:00  INFO 25564 --- [SecureAtmLoggerSpringBootSSO] [restartedMain] .s.d.r.c.RepositoryConfigurationDelegate : Finished Spring Data repository scanning in 13 ms. Found 0 LDAP repository interfaces.
2026-09-12T15:15:31.558+01:00  INFO 25564 --- [SecureAtmLoggerSpringBootSSO] [restartedMain] o.s.boot.tomcat.TomcatWebServer          : Tomcat initialized with port 9442 (https)
2026-09-12T15:15:31.561+01:00  INFO 25564 --- [SecureAtmLoggerSpringBootSSO] [restartedMain] o.apache.catalina.core.StandardService   : Starting service [Tomcat]
2026-09-12T15:15:31.561+01:00  INFO 25564 --- [SecureAtmLoggerSpringBootSSO] [restartedMain] o.apache.catalina.core.StandardEngine    : Starting Servlet engine: [Apache Tomcat/11.0.22]
2026-09-12T15:15:31.597+01:00  INFO 25564 --- [SecureAtmLoggerSpringBootSSO] [restartedMain] b.w.c.s.WebApplicationContextInitializer : Root WebApplicationContext: initialization completed in 944 ms
2026-09-12T15:15:31.630+01:00  INFO 25564 --- [SecureAtmLoggerSpringBootSSO] [restartedMain] com.zaxxer.hikari.HikariDataSource       : HikariPool-2 - Starting...
2026-09-12T15:15:31.686+01:00  INFO 25564 --- [SecureAtmLoggerSpringBootSSO] [restartedMain] com.zaxxer.hikari.pool.HikariPool        : HikariPool-2 - Added connection ConnectionID:11 ClientConnectionId: 0c0b5006-6c7f-4eb2-8334-d680897f48bf
2026-09-12T15:15:31.686+01:00  INFO 25564 --- [SecureAtmLoggerSpringBootSSO] [restartedMain] com.zaxxer.hikari.HikariDataSource       : HikariPool-2 - Start completed.
2026-09-12T15:15:31.702+01:00  INFO 25564 --- [SecureAtmLoggerSpringBootSSO] [restartedMain] org.hibernate.orm.jpa                    : HHH008540: Processing PersistenceUnitInfo [name: default]
2026-09-12T15:15:31.709+01:00  INFO 25564 --- [SecureAtmLoggerSpringBootSSO] [restartedMain] org.hibernate.orm.cache                  : HHH90001028: Second-level cache region factory [org.hibernate.cache.jcache.internal.JCacheRegionFactory]
2026-09-12T15:15:31.756+01:00  INFO 25564 --- [SecureAtmLoggerSpringBootSSO] [restartedMain] o.s.o.j.p.SpringPersistenceUnitInfo      : No LoadTimeWeaver setup: ignoring JPA class transformer
2026-09-12T15:15:32.049+01:00  WARN 25564 --- [SecureAtmLoggerSpringBootSSO] [restartedMain] org.hibernate.orm.deprecation            : HHH90000025: SQLServerDialect does not need to be specified explicitly using 'hibernate.dialect' (remove the property setting and it will be selected by default)
2026-09-12T15:15:32.050+01:00  INFO 25564 --- [SecureAtmLoggerSpringBootSSO] [restartedMain] org.hibernate.orm.connections.pooling    : HHH10001005: Database info:
	Database JDBC URL [jdbc:sqlserver://localhost:1433;concatNullYieldsNull=ON;quotedIdentifier=ON;connectRetryInterval=10;connectRetryCount=1;maxResultBuffer=-1;sendTemporalDataTypesAsStringForBulkCopy=true;delayLoadingLobs=true;useFmtOnly=false;vectorTypeSupport=v1;cacheBulkCopyMetadata=false;bulkCopyForBatchInsertAllowEncryptedValueModifications=false;bulkCopyForBatchInsertTableLock=false;bulkCopyForBatchInsertKeepNulls=false;bulkCopyForBatchInsertKeepIdentity=false;bulkCopyForBatchInsertFireTriggers=false;bulkCopyForBatchInsertCheckConstraints=false;bulkCopyForBatchInsertBatchSize=0;useBulkCopyForBatchInsert=false;cancelQueryTimeout=-1;sslProtocol=TLS;calcBigDecimalPrecision=false;useDefaultJaasConfig=false;jaasConfigurationName=SQLJDBCDriver;statementPoolingCacheSize=0;serverPreparedStatementDiscardThreshold=10;enablePrepareOnFirstPreparedStatementCall=false;fips=false;socketTimeout=0;authentication=NotSpecified;authenticationScheme=nativeAuthentication;xopenStates=false;datetimeParameterType=datetime2;sendTimeAsDatetime=true;replication=false;trustStoreType=JKS;trustServerCertificate=true;TransparentNetworkIPResolution=true;iPAddressPreference=IPv4First;serverNameAsACE=false;sendStringParametersAsUnicode=true;selectMethod=direct;responseBuffering=adaptive;queryTimeout=-1;packetSize=8000;multiSubnetFailover=false;loginTimeout=30;lockTimeout=-1;lastUpdateCount=true;useDefaultGSSCredential=false;prepareMethod=prepexec;encrypt=true;disableStatementPooling=true;databaseName=SecureAtmIssueLogger;columnEncryptionSetting=Disabled;applicationName=Microsoft JDBC Driver for SQL Server;applicationIntent=readwrite;]
	Database driver: Microsoft JDBC Driver 13.4 for SQL Server
	Database dialect: SQLServerDialect
	Database version: 16.0
	Default catalog/schema: SecureAtmIssueLogger/dbo
	Autocommit mode: undefined/unknown
	Isolation level: READ_COMMITTED [default READ_COMMITTED]
	JDBC fetch size: 128
	Pool: DataSourceConnectionProvider
	Minimum pool size: undefined/unknown
	Maximum pool size: undefined/unknown
2026-09-12T15:15:32.373+01:00  INFO 25564 --- [SecureAtmLoggerSpringBootSSO] [restartedMain] org.hibernate.orm.core                   : HHH000489: No JTA platform available (set 'hibernate.transaction.jta.platform' to enable JTA platform integration)
2026-09-12T15:15:34.834+01:00  INFO 25564 --- [SecureAtmLoggerSpringBootSSO] [restartedMain] j.LocalContainerEntityManagerFactoryBean : Initialized JPA EntityManagerFactory for persistence unit 'default'
2026-09-12T15:15:34.975+01:00 DEBUG 25564 --- [SecureAtmLoggerSpringBootSSO] [restartedMain] o.s.l.c.support.AbstractContextSource    : AuthenticationSource not set - using default implementation
2026-09-12T15:15:34.975+01:00 DEBUG 25564 --- [SecureAtmLoggerSpringBootSSO] [restartedMain] o.s.l.c.support.AbstractContextSource    : Not using LDAP pooling
2026-09-12T15:15:34.975+01:00 DEBUG 25564 --- [SecureAtmLoggerSpringBootSSO] [restartedMain] o.s.l.c.support.AbstractContextSource    : Trying provider Urls: ldaps://localhost:10636/ou=system
2026-09-12T15:15:34.976+01:00  INFO 25564 --- [SecureAtmLoggerSpringBootSSO] [restartedMain] o.s.s.l.s.FilterBasedLdapUserSearch      : Searches will be performed from the root ou=system since SearchBase not set
2026-09-12T15:15:35.030+01:00  WARN 25564 --- [SecureAtmLoggerSpringBootSSO] [restartedMain] JpaBaseConfiguration$JpaWebConfiguration : spring.jpa.open-in-view is enabled by default. Therefore, database queries may be performed during view rendering. Explicitly configure spring.jpa.open-in-view to disable this warning
2026-09-12T15:15:35.309+01:00  INFO 25564 --- [SecureAtmLoggerSpringBootSSO] [restartedMain] o.a.t.util.net.NioEndpoint.certificate   : Connector [https-jsse-nio-9442], TLS virtual host [_default_], certificate type [UNDEFINED] configured from keystore [Set directly - location unknown] using alias [server] with trust store [C:\Users\IKENNA~1\AppData\Local\Temp\ldap-truststore16913071098584934662.jks]
2026-09-12T15:15:35.314+01:00  INFO 25564 --- [SecureAtmLoggerSpringBootSSO] [restartedMain] o.s.boot.tomcat.TomcatWebServer          : Tomcat started on port 9442 (https) with context path '/'
2026-09-12T15:15:35.322+01:00  INFO 25564 --- [SecureAtmLoggerSpringBootSSO] [restartedMain] c.i.app.AtmIssueLoggerApplication        : Started AtmIssueLoggerApplication in 4.746 seconds (process running for 262.554)
2026-09-12T15:15:35.324+01:00  INFO 25564 --- [SecureAtmLoggerSpringBootSSO] [restartedMain] .ConditionEvaluationDeltaLoggingListener : Condition evaluation unchanged
2026-09-12T15:16:47.912+01:00  INFO 25564 --- [SecureAtmLoggerSpringBootSSO] [https-jsse-nio-9442-exec-5] o.a.c.c.C.[Tomcat].[localhost].[/]       : Initializing Spring DispatcherServlet 'dispatcherServlet'
2026-09-12T15:16:47.912+01:00  INFO 25564 --- [SecureAtmLoggerSpringBootSSO] [https-jsse-nio-9442-exec-5] o.s.web.servlet.DispatcherServlet        : Initializing Servlet 'dispatcherServlet'
2026-09-12T15:16:47.912+01:00  INFO 25564 --- [SecureAtmLoggerSpringBootSSO] [https-jsse-nio-9442-exec-5] o.s.web.servlet.DispatcherServlet        : Completed initialization in 0 ms
2026-09-12T15:16:48.086+01:00  INFO 25564 --- [SecureAtmLoggerSpringBootSSO] [https-jsse-nio-9442-exec-8] c.i.a.c.AtmIssueLoggerController         : Form submitted successfully. AtmIssue [id=55, terminalId=10700166, atmFaults=[com.infinity.app.model.AtmFault@1317cc43, com.infinity.app.model.AtmFault@ab142927], otherFaultDesc=null, branchLogger=John Uguru-Okorie, loggerEmail=aa@fidelitybank.ng, loggerPhoneNo=08012345678, logDate=Sat Sep 12 15:16:48 WAT 2026, supportEmail=ATMTechnicalSupport@fidelitybank.ng;Adamma.Ezimora@fidelitybank.ng, contact=helpdesk@altaviz.com;timothy@altaviz.com, branchEmail=headofficetsd@fidelitybank.ng, branchName=CORPORATE, atmName=HO_GRG_01, physicalAddress=2 Kofo Abayomi Street, Victoria Island, Lagos, vendorName=Altaviz, userEmail=ikenna@shonowo.com]
2026-09-12T15:16:57.885+01:00  INFO 25564 --- [SecureAtmLoggerSpringBootSSO] [https-jsse-nio-9442-exec-6] c.i.app.controller.EmailIssueController  : Received emailIssueMessage EmailIssueMessageDto [fromEmail=ikenna@shonowo.com, toEmail=helpdesk@altaviz.com;timothy@altaviz.com, cc=ATMTechnicalSupport@fidelitybank.ng;Adamma.Ezimora@fidelitybank.ng;aa@fidelitybank.ng;headofficetsd@fidelitybank.ng, subject=FIDELITY BANK: 10700166 HO_GRG_01: Atm Activation, Atm Shocking, mIntro=Dear all, kindly attend to this request., physicalAddress=2 Kofo Abayomi Street, Victoria Island, Lagos, branchName=CORPORATE, vendorName=Altaviz, atmFaults=[com.infinity.app.model.AtmFault@1317cc43, com.infinity.app.model.AtmFault@ab142927], otherFaultDesc=null, branchLogger=John Uguru-Okorie, loggerPhone=08012345678, dateLogged=Sat Sep 12 15:16:48 WAT 2026, mEnd=Thanks.]
2026-09-12T15:16:58.020+01:00  INFO 25564 --- [SecureAtmLoggerSpringBootSSO] [https-jsse-nio-9442-exec-6] freemarker.beans                         : Detected multiple classes with the same name, "com.infinity.app.model.AtmFault". Assuming it was a class-reloading. Clearing class introspection caches to release old data.
2026-09-12T15:17:07.185+01:00  INFO 25564 --- [SecureAtmLoggerSpringBootSSO] [https-jsse-nio-9442-exec-6] c.i.app.controller.EmailIssueController  : Email submitted successfully. EmailIssue [id=31, fromEmail=ikenna@shonowo.com, toEmail=helpdesk@altaviz.com;timothy@altaviz.com, cc=ATMTechnicalSupport@fidelitybank.ng;Adamma.Ezimora@fidelitybank.ng;aa@fidelitybank.ng;headofficetsd@fidelitybank.ng, subject=FIDELITY BANK: 10700166 HO_GRG_01: Atm Activation, Atm Shocking, mIntro=Dear all, kindly attend to this request., message=Message [id=33, physicalAddress=2 Kofo Abayomi Street, Victoria Island, Lagos, branchName=CORPORATE, vendorName=Altaviz, atmFaults=[com.infinity.app.model.AtmFault@1317cc43], otherFaultDesc=null, branchLogger=John Uguru-Okorie, loggerPhone=08012345678, dateLogged=Sat Sep 12 15:16:48 WAT 2026], mEnd=Thanks.]
2026-09-12T15:17:07.249+01:00  INFO 25564 --- [SecureAtmLoggerSpringBootSSO] [https-jsse-nio-9442-exec-6] c.i.app.controller.EmailIssueController  : Call logged successfully. 
2026-09-12T15:17:13.569+01:00  INFO 25564 --- [SecureAtmLoggerSpringBootSSO] [https-jsse-nio-9442-exec-6] c.i.app.controller.EmailIssueController  : Email submitted successfully. EmailIssue [id=32, fromEmail=ikenna@shonowo.com, toEmail=PowerandPlants@fidelitybank.ng;PlatformPowerInfrastructuremanagement@fidelitybank.ng, cc=ATMTechnicalSupport@fidelitybank.ng;Adamma.Ezimora@fidelitybank.ng;aa@fidelitybank.ng;headofficetsd@fidelitybank.ng, subject=FIDELITY BANK: 10700166 HO_GRG_01: Atm Activation, Atm Shocking, mIntro=Dear all, kindly attend to this request., message=Message [id=34, physicalAddress=2 Kofo Abayomi Street, Victoria Island, Lagos, branchName=CORPORATE, vendorName=Altaviz, atmFaults=[com.infinity.app.model.AtmFault@ab142927], otherFaultDesc=null, branchLogger=John Uguru-Okorie, loggerPhone=08012345678, dateLogged=Sat Sep 12 15:16:48 WAT 2026], mEnd=Thanks.]
2026-09-12T15:17:13.597+01:00  INFO 25564 --- [SecureAtmLoggerSpringBootSSO] [https-jsse-nio-9442-exec-6] c.i.app.controller.EmailIssueController  : Call logged successfully. 
2026-09-12T15:29:29.248+01:00  WARN 25564 --- [SecureAtmLoggerSpringBootSSO] [HikariPool-2:housekeeper] com.zaxxer.hikari.pool.HikariPool        : HikariPool-2 - Thread starvation or clock leap detected (housekeeper delta=1m56s841ms7µs500ns).
2026-09-12T23:13:31.691+01:00  WARN 25564 --- [SecureAtmLoggerSpringBootSSO] [HikariPool-2:housekeeper] com.zaxxer.hikari.pool.HikariPool        : HikariPool-2 - Thread starvation or clock leap detected (housekeeper delta=7h44m4s766ms302µs600ns).
2026-09-12T23:23:50.508+01:00  WARN 25564 --- [SecureAtmLoggerSpringBootSSO] [HikariPool-2:housekeeper] com.zaxxer.hikari.pool.HikariPool        : HikariPool-2 - Thread starvation or clock leap detected (housekeeper delta=5m18s660ms959µs100ns).
2026-09-12T23:24:59.164+01:00  INFO 25564 --- [SecureAtmLoggerSpringBootSSO] [File Watcher] rtingClassPathChangeChangedEventListener : Restarting due to 1 class path change (0 additions, 0 deletions, 1 modification)
2026-09-12T23:24:59.276+01:00  INFO 25564 --- [SecureAtmLoggerSpringBootSSO] [Thread-5] o.s.boot.tomcat.GracefulShutdown         : Commencing graceful shutdown. Waiting for active requests to complete
2026-09-12T23:24:59.373+01:00  INFO 25564 --- [SecureAtmLoggerSpringBootSSO] [tomcat-shutdown] o.s.boot.tomcat.GracefulShutdown         : Graceful shutdown complete
2026-09-12T23:24:59.625+01:00  INFO 25564 --- [SecureAtmLoggerSpringBootSSO] [Thread-5] j.LocalContainerEntityManagerFactoryBean : Closing JPA EntityManagerFactory for persistence unit 'default'
2026-09-12T23:25:01.146+01:00  INFO 25564 --- [SecureAtmLoggerSpringBootSSO] [Thread-5] com.zaxxer.hikari.HikariDataSource       : HikariPool-2 - Shutdown initiated...
2026-09-12T23:25:01.163+01:00  INFO 25564 --- [SecureAtmLoggerSpringBootSSO] [Thread-5] com.zaxxer.hikari.HikariDataSource       : HikariPool-2 - Shutdown completed.
2026-09-12T23:25:01.665+01:00  INFO 25564 --- [SecureAtmLoggerSpringBootSSO] [restartedMain] c.i.app.AtmIssueLoggerApplication        : Starting AtmIssueLoggerApplication using Java 25.0.2 with PID 25564 (C:\Users\Ikenna Shonowo\Documents\Projects\SpringBoot\AtmLoggerSpringBootSSO\target\classes started by Ikenna Shonowo in C:\Users\Ikenna Shonowo\Documents\Projects\SpringBoot\AtmLoggerSpringBootSSO)
2026-09-12T23:25:01.666+01:00  INFO 25564 --- [SecureAtmLoggerSpringBootSSO] [restartedMain] c.i.app.AtmIssueLoggerApplication        : No active profile set, falling back to 1 default profile: "default"
2026-09-12T23:25:02.282+01:00  INFO 25564 --- [SecureAtmLoggerSpringBootSSO] [restartedMain] .s.d.r.c.RepositoryConfigurationDelegate : Multiple Spring Data modules found, entering strict repository configuration mode
2026-09-12T23:25:02.283+01:00  INFO 25564 --- [SecureAtmLoggerSpringBootSSO] [restartedMain] .s.d.r.c.RepositoryConfigurationDelegate : Bootstrapping Spring Data JPA repositories in DEFAULT mode.
2026-09-12T23:25:02.353+01:00  INFO 25564 --- [SecureAtmLoggerSpringBootSSO] [restartedMain] .s.d.r.c.RepositoryConfigurationDelegate : Finished Spring Data repository scanning in 66 ms. Found 12 JPA repository interfaces.
2026-09-12T23:25:02.356+01:00  INFO 25564 --- [SecureAtmLoggerSpringBootSSO] [restartedMain] .s.d.r.c.RepositoryConfigurationDelegate : Multiple Spring Data modules found, entering strict repository configuration mode
2026-09-12T23:25:02.357+01:00  INFO 25564 --- [SecureAtmLoggerSpringBootSSO] [restartedMain] .s.d.r.c.RepositoryConfigurationDelegate : Bootstrapping Spring Data LDAP repositories in DEFAULT mode.
2026-09-12T23:25:02.368+01:00  INFO 25564 --- [SecureAtmLoggerSpringBootSSO] [restartedMain] .RepositoryConfigurationExtensionSupport : Spring Data LDAP - Could not safely identify store assignment for repository candidate interface com.infinity.app.repo.AtmDetailRepo; If you want this repository to be a LDAP repository, consider annotating your entities with one of these annotations: org.springframework.ldap.odm.annotations.Entry (preferred), or consider extending one of the following types with your repository: org.springframework.data.ldap.repository.LdapRepository
2026-09-12T23:25:02.368+01:00  INFO 25564 --- [SecureAtmLoggerSpringBootSSO] [restartedMain] .RepositoryConfigurationExtensionSupport : Spring Data LDAP - Could not safely identify store assignment for repository candidate interface com.infinity.app.repo.AtmFaultRepo; If you want this repository to be a LDAP repository, consider annotating your entities with one of these annotations: org.springframework.ldap.odm.annotations.Entry (preferred), or consider extending one of the following types with your repository: org.springframework.data.ldap.repository.LdapRepository
2026-09-12T23:25:02.369+01:00  INFO 25564 --- [SecureAtmLoggerSpringBootSSO] [restartedMain] .RepositoryConfigurationExtensionSupport : Spring Data LDAP - Could not safely identify store assignment for repository candidate interface com.infinity.app.repo.AtmIssueRepo; If you want this repository to be a LDAP repository, consider annotating your entities with one of these annotations: org.springframework.ldap.odm.annotations.Entry (preferred), or consider extending one of the following types with your repository: org.springframework.data.ldap.repository.LdapRepository
2026-09-12T23:25:02.369+01:00  INFO 25564 --- [SecureAtmLoggerSpringBootSSO] [restartedMain] .RepositoryConfigurationExtensionSupport : Spring Data LDAP - Could not safely identify store assignment for repository candidate interface com.infinity.app.repo.BranchRepo; If you want this repository to be a LDAP repository, consider annotating your entities with one of these annotations: org.springframework.ldap.odm.annotations.Entry (preferred), or consider extending one of the following types with your repository: org.springframework.data.ldap.repository.LdapRepository
2026-09-12T23:25:02.370+01:00  INFO 25564 --- [SecureAtmLoggerSpringBootSSO] [restartedMain] .RepositoryConfigurationExtensionSupport : Spring Data LDAP - Could not safely identify store assignment for repository candidate interface com.infinity.app.repo.CallStatusRepo; If you want this repository to be a LDAP repository, consider annotating your entities with one of these annotations: org.springframework.ldap.odm.annotations.Entry (preferred), or consider extending one of the following types with your repository: org.springframework.data.ldap.repository.LdapRepository
2026-09-12T23:25:02.370+01:00  INFO 25564 --- [SecureAtmLoggerSpringBootSSO] [restartedMain] .RepositoryConfigurationExtensionSupport : Spring Data LDAP - Could not safely identify store assignment for repository candidate interface com.infinity.app.repo.EmailIssueRepo; If you want this repository to be a LDAP repository, consider annotating your entities with one of these annotations: org.springframework.ldap.odm.annotations.Entry (preferred), or consider extending one of the following types with your repository: org.springframework.data.ldap.repository.LdapRepository
2026-09-12T23:25:02.371+01:00  INFO 25564 --- [SecureAtmLoggerSpringBootSSO] [restartedMain] .RepositoryConfigurationExtensionSupport : Spring Data LDAP - Could not safely identify store assignment for repository candidate interface com.infinity.app.repo.LoggedCallRepo; If you want this repository to be a LDAP repository, consider annotating your entities with one of these annotations: org.springframework.ldap.odm.annotations.Entry (preferred), or consider extending one of the following types with your repository: org.springframework.data.ldap.repository.LdapRepository
2026-09-12T23:25:02.372+01:00  INFO 25564 --- [SecureAtmLoggerSpringBootSSO] [restartedMain] .RepositoryConfigurationExtensionSupport : Spring Data LDAP - Could not safely identify store assignment for repository candidate interface com.infinity.app.repo.MessageRepo; If you want this repository to be a LDAP repository, consider annotating your entities with one of these annotations: org.springframework.ldap.odm.annotations.Entry (preferred), or consider extending one of the following types with your repository: org.springframework.data.ldap.repository.LdapRepository
2026-09-12T23:25:02.372+01:00  INFO 25564 --- [SecureAtmLoggerSpringBootSSO] [restartedMain] .RepositoryConfigurationExtensionSupport : Spring Data LDAP - Could not safely identify store assignment for repository candidate interface com.infinity.app.repo.RegionRepo; If you want this repository to be a LDAP repository, consider annotating your entities with one of these annotations: org.springframework.ldap.odm.annotations.Entry (preferred), or consider extending one of the following types with your repository: org.springframework.data.ldap.repository.LdapRepository
2026-09-12T23:25:02.372+01:00  INFO 25564 --- [SecureAtmLoggerSpringBootSSO] [restartedMain] .RepositoryConfigurationExtensionSupport : Spring Data LDAP - Could not safely identify store assignment for repository candidate interface com.infinity.app.repo.TerminalRepo; If you want this repository to be a LDAP repository, consider annotating your entities with one of these annotations: org.springframework.ldap.odm.annotations.Entry (preferred), or consider extending one of the following types with your repository: org.springframework.data.ldap.repository.LdapRepository
2026-09-12T23:25:02.373+01:00  INFO 25564 --- [SecureAtmLoggerSpringBootSSO] [restartedMain] .RepositoryConfigurationExtensionSupport : Spring Data LDAP - Could not safely identify store assignment for repository candidate interface com.infinity.app.repo.VendorContactRepo; If you want this repository to be a LDAP repository, consider annotating your entities with one of these annotations: org.springframework.ldap.odm.annotations.Entry (preferred), or consider extending one of the following types with your repository: org.springframework.data.ldap.repository.LdapRepository
2026-09-12T23:25:02.373+01:00  INFO 25564 --- [SecureAtmLoggerSpringBootSSO] [restartedMain] .RepositoryConfigurationExtensionSupport : Spring Data LDAP - Could not safely identify store assignment for repository candidate interface com.infinity.app.repo.VendorRepo; If you want this repository to be a LDAP repository, consider annotating your entities with one of these annotations: org.springframework.ldap.odm.annotations.Entry (preferred), or consider extending one of the following types with your repository: org.springframework.data.ldap.repository.LdapRepository
2026-09-12T23:25:02.373+01:00  INFO 25564 --- [SecureAtmLoggerSpringBootSSO] [restartedMain] .s.d.r.c.RepositoryConfigurationDelegate : Finished Spring Data repository scanning in 13 ms. Found 0 LDAP repository interfaces.
2026-09-12T23:25:02.756+01:00  INFO 25564 --- [SecureAtmLoggerSpringBootSSO] [restartedMain] o.s.boot.tomcat.TomcatWebServer          : Tomcat initialized with port 9442 (https)
2026-09-12T23:25:02.761+01:00  INFO 25564 --- [SecureAtmLoggerSpringBootSSO] [restartedMain] o.apache.catalina.core.StandardService   : Starting service [Tomcat]
2026-09-12T23:25:02.762+01:00  INFO 25564 --- [SecureAtmLoggerSpringBootSSO] [restartedMain] o.apache.catalina.core.StandardEngine    : Starting Servlet engine: [Apache Tomcat/11.0.22]
2026-09-12T23:25:02.795+01:00  INFO 25564 --- [SecureAtmLoggerSpringBootSSO] [restartedMain] b.w.c.s.WebApplicationContextInitializer : Root WebApplicationContext: initialization completed in 1121 ms
2026-09-12T23:25:02.845+01:00  INFO 25564 --- [SecureAtmLoggerSpringBootSSO] [restartedMain] com.zaxxer.hikari.HikariDataSource       : HikariPool-3 - Starting...
2026-09-12T23:25:02.953+01:00  INFO 25564 --- [SecureAtmLoggerSpringBootSSO] [restartedMain] com.zaxxer.hikari.pool.HikariPool        : HikariPool-3 - Added connection ConnectionID:31 ClientConnectionId: 8d311b9d-4735-40a1-8ead-b0a8fe3330b1
2026-09-12T23:25:02.954+01:00  INFO 25564 --- [SecureAtmLoggerSpringBootSSO] [restartedMain] com.zaxxer.hikari.HikariDataSource       : HikariPool-3 - Start completed.
2026-09-12T23:25:02.979+01:00  INFO 25564 --- [SecureAtmLoggerSpringBootSSO] [restartedMain] org.hibernate.orm.jpa                    : HHH008540: Processing PersistenceUnitInfo [name: default]
2026-09-12T23:25:02.985+01:00  INFO 25564 --- [SecureAtmLoggerSpringBootSSO] [restartedMain] org.hibernate.orm.cache                  : HHH90001028: Second-level cache region factory [org.hibernate.cache.jcache.internal.JCacheRegionFactory]
2026-09-12T23:25:03.046+01:00  INFO 25564 --- [SecureAtmLoggerSpringBootSSO] [restartedMain] o.s.o.j.p.SpringPersistenceUnitInfo      : No LoadTimeWeaver setup: ignoring JPA class transformer
2026-09-12T23:25:03.470+01:00  WARN 25564 --- [SecureAtmLoggerSpringBootSSO] [restartedMain] org.hibernate.orm.deprecation            : HHH90000025: SQLServerDialect does not need to be specified explicitly using 'hibernate.dialect' (remove the property setting and it will be selected by default)
2026-09-12T23:25:03.479+01:00  INFO 25564 --- [SecureAtmLoggerSpringBootSSO] [restartedMain] org.hibernate.orm.connections.pooling    : HHH10001005: Database info:
	Database JDBC URL [jdbc:sqlserver://localhost:1433;concatNullYieldsNull=ON;quotedIdentifier=ON;connectRetryInterval=10;connectRetryCount=1;maxResultBuffer=-1;sendTemporalDataTypesAsStringForBulkCopy=true;delayLoadingLobs=true;useFmtOnly=false;vectorTypeSupport=v1;cacheBulkCopyMetadata=false;bulkCopyForBatchInsertAllowEncryptedValueModifications=false;bulkCopyForBatchInsertTableLock=false;bulkCopyForBatchInsertKeepNulls=false;bulkCopyForBatchInsertKeepIdentity=false;bulkCopyForBatchInsertFireTriggers=false;bulkCopyForBatchInsertCheckConstraints=false;bulkCopyForBatchInsertBatchSize=0;useBulkCopyForBatchInsert=false;cancelQueryTimeout=-1;sslProtocol=TLS;calcBigDecimalPrecision=false;useDefaultJaasConfig=false;jaasConfigurationName=SQLJDBCDriver;statementPoolingCacheSize=0;serverPreparedStatementDiscardThreshold=10;enablePrepareOnFirstPreparedStatementCall=false;fips=false;socketTimeout=0;authentication=NotSpecified;authenticationScheme=nativeAuthentication;xopenStates=false;datetimeParameterType=datetime2;sendTimeAsDatetime=true;replication=false;trustStoreType=JKS;trustServerCertificate=true;TransparentNetworkIPResolution=true;iPAddressPreference=IPv4First;serverNameAsACE=false;sendStringParametersAsUnicode=true;selectMethod=direct;responseBuffering=adaptive;queryTimeout=-1;packetSize=8000;multiSubnetFailover=false;loginTimeout=30;lockTimeout=-1;lastUpdateCount=true;useDefaultGSSCredential=false;prepareMethod=prepexec;encrypt=true;disableStatementPooling=true;databaseName=SecureAtmIssueLogger;columnEncryptionSetting=Disabled;applicationName=Microsoft JDBC Driver for SQL Server;applicationIntent=readwrite;]
	Database driver: Microsoft JDBC Driver 13.4 for SQL Server
	Database dialect: SQLServerDialect
	Database version: 16.0
	Default catalog/schema: SecureAtmIssueLogger/dbo
	Autocommit mode: undefined/unknown
	Isolation level: READ_COMMITTED [default READ_COMMITTED]
	JDBC fetch size: 128
	Pool: DataSourceConnectionProvider
	Minimum pool size: undefined/unknown
	Maximum pool size: undefined/unknown
2026-09-12T23:25:03.875+01:00  INFO 25564 --- [SecureAtmLoggerSpringBootSSO] [restartedMain] org.hibernate.orm.core                   : HHH000489: No JTA platform available (set 'hibernate.transaction.jta.platform' to enable JTA platform integration)
2026-09-12T23:25:07.233+01:00  INFO 25564 --- [SecureAtmLoggerSpringBootSSO] [restartedMain] j.LocalContainerEntityManagerFactoryBean : Initialized JPA EntityManagerFactory for persistence unit 'default'
2026-09-12T23:25:07.507+01:00 DEBUG 25564 --- [SecureAtmLoggerSpringBootSSO] [restartedMain] o.s.l.c.support.AbstractContextSource    : AuthenticationSource not set - using default implementation
2026-09-12T23:25:07.507+01:00 DEBUG 25564 --- [SecureAtmLoggerSpringBootSSO] [restartedMain] o.s.l.c.support.AbstractContextSource    : Not using LDAP pooling
2026-09-12T23:25:07.507+01:00 DEBUG 25564 --- [SecureAtmLoggerSpringBootSSO] [restartedMain] o.s.l.c.support.AbstractContextSource    : Trying provider Urls: ldaps://localhost:10636/ou=system
2026-09-12T23:25:07.508+01:00  INFO 25564 --- [SecureAtmLoggerSpringBootSSO] [restartedMain] o.s.s.l.s.FilterBasedLdapUserSearch      : Searches will be performed from the root ou=system since SearchBase not set
2026-09-12T23:25:07.567+01:00  WARN 25564 --- [SecureAtmLoggerSpringBootSSO] [restartedMain] JpaBaseConfiguration$JpaWebConfiguration : spring.jpa.open-in-view is enabled by default. Therefore, database queries may be performed during view rendering. Explicitly configure spring.jpa.open-in-view to disable this warning
2026-09-12T23:25:07.862+01:00  INFO 25564 --- [SecureAtmLoggerSpringBootSSO] [restartedMain] o.a.t.util.net.NioEndpoint.certificate   : Connector [https-jsse-nio-9442], TLS virtual host [_default_], certificate type [UNDEFINED] configured from keystore [Set directly - location unknown] using alias [server] with trust store [C:\Users\IKENNA~1\AppData\Local\Temp\ldap-truststore6430368520075180122.jks]
2026-09-12T23:25:07.869+01:00  INFO 25564 --- [SecureAtmLoggerSpringBootSSO] [restartedMain] o.s.boot.tomcat.TomcatWebServer          : Tomcat started on port 9442 (https) with context path '/'
2026-09-12T23:25:07.875+01:00  INFO 25564 --- [SecureAtmLoggerSpringBootSSO] [restartedMain] c.i.app.AtmIssueLoggerApplication        : Started AtmIssueLoggerApplication in 6.336 seconds (process running for 29637.003)
2026-09-12T23:25:07.876+01:00  INFO 25564 --- [SecureAtmLoggerSpringBootSSO] [restartedMain] .ConditionEvaluationDeltaLoggingListener : Condition evaluation unchanged
2026-09-12T23:25:18.273+01:00  INFO 25564 --- [SecureAtmLoggerSpringBootSSO] [https-jsse-nio-9442-exec-6] o.a.c.c.C.[Tomcat].[localhost].[/]       : Initializing Spring DispatcherServlet 'dispatcherServlet'
2026-09-12T23:25:18.273+01:00  INFO 25564 --- [SecureAtmLoggerSpringBootSSO] [https-jsse-nio-9442-exec-6] o.s.web.servlet.DispatcherServlet        : Initializing Servlet 'dispatcherServlet'
2026-09-12T23:25:18.273+01:00  INFO 25564 --- [SecureAtmLoggerSpringBootSSO] [https-jsse-nio-9442-exec-6] o.s.web.servlet.DispatcherServlet        : Completed initialization in 0 ms
2026-09-12T23:27:00.758+01:00  INFO 25564 --- [SecureAtmLoggerSpringBootSSO] [File Watcher] rtingClassPathChangeChangedEventListener : Restarting due to 1 class path change (0 additions, 0 deletions, 1 modification)
2026-09-12T23:27:00.760+01:00  INFO 25564 --- [SecureAtmLoggerSpringBootSSO] [Thread-9] o.s.boot.tomcat.GracefulShutdown         : Commencing graceful shutdown. Waiting for active requests to complete
2026-09-12T23:27:00.777+01:00  INFO 25564 --- [SecureAtmLoggerSpringBootSSO] [tomcat-shutdown] o.s.boot.tomcat.GracefulShutdown         : Graceful shutdown complete
2026-09-12T23:27:00.785+01:00  INFO 25564 --- [SecureAtmLoggerSpringBootSSO] [Thread-9] j.LocalContainerEntityManagerFactoryBean : Closing JPA EntityManagerFactory for persistence unit 'default'
2026-09-12T23:27:00.789+01:00  INFO 25564 --- [SecureAtmLoggerSpringBootSSO] [Thread-9] com.zaxxer.hikari.HikariDataSource       : HikariPool-3 - Shutdown initiated...
2026-09-12T23:27:00.798+01:00  INFO 25564 --- [SecureAtmLoggerSpringBootSSO] [Thread-9] com.zaxxer.hikari.HikariDataSource       : HikariPool-3 - Shutdown completed.
